Country,Admin 1,Admin 2,Market Name,Commodity,Price Type,Price Date,Collection Frequency,Price,Unit,Currency,Data Source,Trend,Pewi,ALPS Phase,Data Type,Upper (95%) CI,Lower (95%) CI,Forecast Methodology
Kenya,Coast,Mombasa,Bangladesh (Mombasa),Maize,Retail,15/04/2021,Weekly,45.000000,KG,KES,WFP,,,,Aggregated,,,
Kenya,Coast,Mombasa,Bangladesh (Mombasa),Maize,Retail,15/08/2021,Weekly,51.666666,KG,KES,WFP,,,,Aggregated,,,
Kenya,Coast,Mombasa,Bangladesh (Mombasa),Maize,Retail,15/09/2021,Weekly,50.000000,KG,KES,WFP,,,,Aggregated,,,
Kenya,Coast,Mombasa,Bangladesh (Mombasa),Maize,Retail,15/10/2021,Weekly,55.000000,KG,KES,WFP,,,,Aggregated,,,
Kenya,Coast,Mombasa,Bangladesh (Mombasa),Maize,Retail,15/11/2021,Weekly,52.500000,KG,KES,WFP,,,,Aggregated,,,
Kenya,North Eastern,Garissa,Dagahaley (Daadab),Maize,Retail,15/01/2021,Weekly,46.666600,KG,KES,WFP,,,,Aggregated,,,
Kenya,North Eastern,Garissa,Dagahaley (Daadab),Maize,Retail,15/03/2021,Weekly,49.761875,KG,KES,WFP,,,,Aggregated,,,
Kenya,North Eastern,Garissa,Dagahaley (Daadab),Maize,Retail,15/04/2021,Weekly,48.034150,KG,KES,WFP,,,,Aggregated,,,
Kenya,North Eastern,Garissa,Dagahaley (Daadab),Maize,Retail,15/05/2021,Weekly,49.569890,KG,KES,WFP,,,,Aggregated,,,
Kenya,North Eastern,Garissa,Dagahaley (Daadab),Maize,Retail,15/06/2021,Weekly,49.243818,KG,KES,WFP,,,,Aggregated,,,
Kenya,North Eastern,Garissa,Dagahaley (Daadab),Maize,Retail,15/07/2021,Weekly,45.000000,KG,KES,WFP,,,,Aggregated,,,
Kenya,North Eastern,Garissa,Dagahaley (Daadab),Maize,Retail,15/08/2021,Weekly,76.302420,KG,KES,WFP,,,,Aggregated,,,
Kenya,North Eastern,Garissa,Dagahaley (Daadab),Maize,Retail,15/09/2021,Weekly,80.000000,KG,KES,WFP,,,,Aggregated,,,
Kenya,North Eastern,Garissa,Dagahaley (Daadab),Maize,Retail,15/10/2021,Weekly,57.187500,KG,KES,WFP,,,,Aggregated,,,
Kenya,North Eastern,Garissa,Dagahaley (Daadab),Maize,Retail,15/11/2021,Weekly,50.000000,KG,KES,WFP,,,,Aggregated,,,
Kenya,North Eastern,Garissa,Dagahaley (Daadab),Maize,Retail,15/12/2021,Weekly,76.666666,KG,KES,WFP,,,,Aggregated,,,
Kenya,North Eastern,Garissa,Dagahaley (Daadab),Maize,Retail,15/06/2023,Weekly,60.000000,KG,KES,WFP,,,,Aggregated,,,
Kenya,North Eastern,Garissa,Dagahaley (Daadab),Maize,Retail,15/07/2023,Weekly,60.000000,KG,KES,WFP,,,,Aggregated,,,
Kenya,North Eastern,Garissa,Dagahaley (Daadab),Maize,Retail,15/08/2023,Weekly,120.000000,KG,KES,WFP,,,,Aggregated,,,
Kenya,North Eastern,Garissa,Dagahaley (Daadab),Maize,Retail,15/01/2024,Weekly,100.000000,KG,KES,WFP,,,,Aggregated,,,
Kenya,North Eastern,Garissa,Dagahaley (Daadab),Maize,Retail,15/02/2024,Weekly,85.333330,KG,KES,WFP,,,,Aggregated,,,
Kenya,North Eastern,Garissa,Dagahaley (Daadab),Maize,Retail,15/03/2024,Weekly,94.411767,KG,KES,WFP,,,,Aggregated,,,
Kenya,North Eastern,Garissa,Dagahaley (Daadab),Maize,Retail,15/08/2024,Weekly,97.500000,KG,KES,WFP,,,,Aggregated,,,
Kenya,North Eastern,Garissa,Dagahaley (Daadab),Maize,Retail,15/09/2025,Weekly,60.000000,KG,KES,WFP,,,,Aggregated,,,
Kenya,North Eastern,Garissa,Dagahaley (Daadab),Maize,Retail,15/10/2025,Weekly,85.000000,KG,KES,WFP,,,,Aggregated,,,
Kenya,North Eastern,Garissa,Dagahaley (Daadab),Maize,Retail,15/11/2025,Weekly,60.000000,KG,KES,WFP,,,,Aggregated,,,
Kenya,North Eastern,Garissa,Dagahaley (Daadab),Maize,Retail,15/12/2025,Weekly,69.0079,KG,KES,WFP,,,,Forecast,90.9747,47.0411,"AR(1),I(0),MA(2)"
Kenya,North Eastern,Garissa,Dagahaley (Daadab),Maize,Retail,15/01/2026,Weekly,69.0852,KG,KES,WFP,,,,Forecast,91.0520,47.1184,"AR(1),I(0),MA(2)"
Kenya,North Eastern,Garissa,Dagahaley (Daadab),Maize,Retail,15/02/2026,Weekly,69.1565,KG,KES,WFP,,,,Forecast,91.1233,47.1897,"AR(1),I(0),MA(2)"
Kenya,North Eastern,Garissa,Dagahaley (Daadab),Maize,Retail,15/03/2026,Weekly,69.2223,KG,KES,WFP,,,,Forecast,91.1891,47.2555,"AR(1),I(0),MA(2)"
Kenya,North Eastern,Garissa,Dagahaley (Daadab),Maize,Retail,15/04/2026,Weekly,69.2830,KG,KES,WFP,,,,Forecast,91.2498,47.3161,"AR(1),I(0),MA(2)"
Kenya,North Eastern,Garissa,Dagahaley (Daadab),Maize,Retail,15/05/2026,Weekly,69.3389,KG,KES,WFP,,,,Forecast,91.3057,47.3721,"AR(1),I(0),MA(2)"
Kenya,Nairobi,Nairobi,Dandora (Nairobi),Maize,Retail,15/02/2021,Weekly,51.458333,KG,KES,WFP,,,,Aggregated,,,
Kenya,Nairobi,Nairobi,Dandora (Nairobi),Maize,Retail,15/03/2021,Weekly,47.941165,KG,KES,WFP,,,,Aggregated,,,
Kenya,Nairobi,Nairobi,Dandora (Nairobi),Maize,Retail,15/04/2021,Weekly,47.242401,KG,KES,WFP,,,,Aggregated,,,
Kenya,Nairobi,Nairobi,Dandora (Nairobi),Maize,Retail,15/05/2021,Weekly,50.116666,KG,KES,WFP,,,,Aggregated,,,
Kenya,Nairobi,Nairobi,Dandora (Nairobi),Maize,Retail,15/06/2021,Weekly,48.384614,KG,KES,WFP,,,,Aggregated,,,
Kenya,Nairobi,Nairobi,Dandora (Nairobi),Maize,Retail,15/07/2021,Weekly,49.000000,KG,KES,WFP,,,,Aggregated,,,
Kenya,Nairobi,Nairobi,Dandora (Nairobi),Maize,Retail,15/08/2021,Weekly,49.000000,KG,KES,WFP,,,,Aggregated,,,
Kenya,Nairobi,Nairobi,Dandora (Nairobi),Maize,Retail,15/09/2021,Weekly,49.000000,KG,KES,WFP,,,,Aggregated,,,
Kenya,Nairobi,Nairobi,Dandora (Nairobi),Maize,Retail,15/10/2021,Weekly,49.000000,KG,KES,WFP,,,,Aggregated,,,
Kenya,Nairobi,Nairobi,Dandora (Nairobi),Maize,Retail,15/11/2021,Weekly,51.000000,KG,KES,WFP,,,,Aggregated,,,
Kenya,Nairobi,Nairobi,Dandora (Nairobi),Maize,Retail,15/12/2021,Weekly,49.000000,KG,KES,WFP,,,,Aggregated,,,
Kenya,Nairobi,Nairobi,Dandora (Nairobi),Maize,Retail,15/01/2022,Weekly,50.000000,KG,KES,WFP,,,,Aggregated,,,
Kenya,Rift Valley,Turkana,Ethiopia (Kakuma),Maize,Retail,15/02/2021,Weekly,46.250000,KG,KES,WFP,46.8711,-0.0458,Normal,Aggregated,,,
Kenya,Rift Valley,Turkana,Ethiopia (Kakuma),Maize,Retail,15/03/2021,Weekly,47.166666,KG,KES,WFP,42.5655,0.3392,Stress,Aggregated,,,
Kenya,Rift Valley,Turkana,Ethiopia (Kakuma),Maize,Retail,15/04/2021,Weekly,41.842105,KG,KES,WFP,50.0259,-0.6033,Normal,Aggregated,,,
Kenya,Rift Valley,Turkana,Ethiopia (Kakuma),Maize,Retail,15/05/2021,Weekly,37.407354,KG,KES,WFP,52.4365,-1.1079,Normal,Aggregated,,,
Kenya,Rift Valley,Turkana,Ethiopia (Kakuma),Maize,Retail,15/06/2021,Weekly,41.764704,KG,KES,WFP,49.5295,-0.5724,Normal,Aggregated,,,
Kenya,Rift Valley,Turkana,Ethiopia (Kakuma),Maize,Retail,15/07/2021,Weekly,50.000000,KG,KES,WFP,56.0785,-0.4481,Normal,Aggregated,,,
Kenya,Rift Valley,Turkana,Ethiopia (Kakuma),Maize,Retail,15/08/2021,Weekly,46.888873,KG,KES,WFP,46.4151,0.0349,Normal,Aggregated,,,
Kenya,Rift Valley,Turkana,Ethiopia (Kakuma),Maize,Retail,15/09/2021,Weekly,45.333323,KG,KES,WFP,40.6373,0.3462,Stress,Aggregated,,,
Kenya,Rift Valley,Turkana,Ethiopia (Kakuma),Maize,Retail,15/10/2021,Weekly,50.000000,KG,KES,WFP,55.4707,-0.4033,Normal,Aggregated,,,
Kenya,Rift Valley,Turkana,Ethiopia (Kakuma),Maize,Retail,15/12/2021,Weekly,50.000000,KG,KES,WFP,51.0785,-0.0795,Normal,Aggregated,,,
Kenya,Rift Valley,Turkana,Ethiopia (Kakuma),Maize,Retail,15/01/2022,Weekly,44.375000,KG,KES,WFP,56.5111,-0.8946,Normal,Aggregated,,,
Kenya,Rift Valley,Turkana,Ethiopia (Kakuma),Maize,Retail,15/02/2022,Weekly,45.384617,KG,KES,WFP,53.2240,-0.5779,Normal,Aggregated,,,
Kenya,Rift Valley,Turkana,Ethiopia (Kakuma),Maize,Retail,15/01/2023,Weekly,75.000000,KG,KES,WFP,62.8639,0.8946,Stress,Aggregated,,,
Kenya,Rift Valley,Turkana,Ethiopia (Kakuma),Maize,Retail,15/02/2023,Weekly,70.000000,KG,KES,WFP,59.5769,0.7683,Stress,Aggregated,,,
Kenya,Rift Valley,Turkana,Ethiopia (Kakuma),Maize,Retail,15/04/2023,Weekly,90.000000,KG,KES,WFP,62.7317,2.0101,Crisis,Aggregated,,,
Kenya,Rift Valley,Turkana,Ethiopia (Kakuma),Maize,Retail,15/05/2023,Weekly,100.000000,KG,KES,WFP,65.1423,2.5695,Crisis,Aggregated,,,
Kenya,Rift Valley,Turkana,Ethiopia (Kakuma),Maize,Retail,15/06/2023,Weekly,70.000000,KG,KES,WFP,62.2352,0.5724,Stress,Aggregated,,,
Kenya,Rift Valley,Turkana,Ethiopia (Kakuma),Maize,Retail,15/07/2023,Weekly,91.875002,KG,KES,WFP,68.7843,1.9325,Alert,Aggregated,,,
Kenya,Rift Valley,Turkana,Ethiopia (Kakuma),Maize,Retail,15/08/2023,Weekly,70.000000,KG,KES,WFP,62.8589,0.4878,Stress,Aggregated,,,
Kenya,Rift Valley,Turkana,Ethiopia (Kakuma),Maize,Retail,15/09/2023,Weekly,100.000000,KG,KES,WFP,69.0070,2.1172,Crisis,Aggregated,,,
Kenya,Rift Valley,Turkana,Ethiopia (Kakuma),Maize,Retail,15/11/2023,Weekly,70.000000,KG,KES,WFP,56.8236,0.9713,Stress,Aggregated,,,
Kenya,Rift Valley,Turkana,Ethiopia (Kakuma),Maize,Retail,15/12/2023,Weekly,70.000000,KG,KES,WFP,63.7843,0.4582,Stress,Aggregated,,,
Kenya,Rift Valley,Turkana,Ethiopia (Kakuma),Maize,Retail,15/02/2024,Weekly,76.250000,KG,KES,WFP,65.9298,0.7607,Stress,Aggregated,,,
Kenya,Rift Valley,Turkana,Ethiopia (Kakuma),Maize,Retail,15/03/2024,Weekly,50.000000,KG,KES,WFP,61.6241,-0.8569,Normal,Aggregated,,,
Kenya,Rift Valley,Turkana,Ethiopia (Kakuma),Maize,Retail,15/04/2024,Weekly,50.000000,KG,KES,WFP,69.0846,-1.4068,Normal,Aggregated,,,
Kenya,Rift Valley,Turkana,Ethiopia (Kakuma),Maize,Retail,15/05/2024,Weekly,51.666650,KG,KES,WFP,71.4952,-1.4616,Normal,Aggregated,,,
Kenya,Rift Valley,Turkana,Ethiopia (Kakuma),Maize,Retail,15/07/2024,Weekly,55.000000,KG,KES,WFP,75.1372,-1.4844,Normal,Aggregated,,,
Kenya,Rift Valley,Turkana,Ethiopia (Kakuma),Maize,Retail,15/08/2024,Weekly,65.000000,KG,KES,WFP,65.4738,-0.0349,Normal,Aggregated,,,
Kenya,Rift Valley,Turkana,Ethiopia (Kakuma),Maize,Retail,15/09/2024,Weekly,55.000000,KG,KES,WFP,59.6960,-0.3462,Normal,Aggregated,,,
Kenya,Rift Valley,Turkana,Ethiopia (Kakuma),Maize,Retail,15/10/2024,Weekly,80.000000,KG,KES,WFP,74.5293,0.4033,Stress,Aggregated,,,
Kenya,Rift Valley,Turkana,Ethiopia (Kakuma),Maize,Retail,15/11/2024,Weekly,50.000000,KG,KES,WFP,63.1764,-0.9713,Normal,Aggregated,,,
Kenya,Rift Valley,Turkana,Ethiopia (Kakuma),Maize,Retail,15/12/2024,Weekly,65.000000,KG,KES,WFP,70.1372,-0.3787,Normal,Aggregated,,,
Kenya,Rift Valley,Turkana,Ethiopia (Kakuma),Maize,Retail,15/02/2025,Weekly,60.000000,KG,KES,WFP,72.2827,-0.9054,Normal,Aggregated,,,
Kenya,Rift Valley,Turkana,Ethiopia (Kakuma),Maize,Retail,15/03/2025,Weekly,75.000000,KG,KES,WFP,68.5351,0.4416,Stress,Aggregated,,,
Kenya,Rift Valley,Turkana,Ethiopia (Kakuma),Maize,Retail,15/06/2025,Weekly,70.000000,KG,KES,WFP,73.5684,-0.2471,Normal,Aggregated,,,
Kenya,Rift Valley,Turkana,Ethiopia (Kakuma),Maize,Retail,15/08/2025,Weekly,80.000000,KG,KES,WFP,77.0314,0.2084,Normal,Aggregated,,,
Kenya,Rift Valley,Turkana,Ethiopia (Kakuma),Maize,Retail,15/09/2025,Weekly,70.000000,KG,KES,WFP,78.5962,-0.6074,Normal,Aggregated,,,
Kenya,Rift Valley,Turkana,Ethiopia (Kakuma),Maize,Retail,15/10/2025,Weekly,52.500000,KG,KES,WFP,70.2400,-1.2288,Normal,Aggregated,,,
Kenya,Rift Valley,Turkana,Ethiopia (Kakuma),Maize,Retail,15/11/2025,Weekly,66.111114,KG,KES,WFP,67.6492,-0.1079,Normal,Aggregated,,,
Kenya,Rift Valley,Turkana,Ethiopia (Kakuma),Maize,Retail,15/12/2025,Weekly,69.7426,KG,KES,WFP,67.6492,-0.1079,Normal,Forecast,88.7277,50.7574,"AR(2),I(0),MA(2)"
Kenya,Rift Valley,Turkana,Ethiopia (Kakuma),Maize,Retail,15/01/2026,Weekly,68.1225,KG,KES,WFP,67.6492,-0.1079,Normal,Forecast,87.1077,49.1374,"AR(2),I(0),MA(2)"
Kenya,Rift Valley,Turkana,Ethiopia (Kakuma),Maize,Retail,15/02/2026,Weekly,67.6605,KG,KES,WFP,67.6492,-0.1079,Normal,Forecast,86.6457,48.6754,"AR(2),I(0),MA(2)"
Kenya,Rift Valley,Turkana,Ethiopia (Kakuma),Maize,Retail,15/03/2026,Weekly,66.7114,KG,KES,WFP,67.6492,-0.1079,Normal,Forecast,85.6966,47.7262,"AR(2),I(0),MA(2)"
Kenya,Rift Valley,Turkana,Ethiopia (Kakuma),Maize,Retail,15/04/2026,Weekly,66.1557,KG,KES,WFP,67.6492,-0.1079,Normal,Forecast,85.1409,47.1705,"AR(2),I(0),MA(2)"
Kenya,Rift Valley,Turkana,Ethiopia (Kakuma),Maize,Retail,15/05/2026,Weekly,65.5002,KG,KES,WFP,67.6492,-0.1079,Normal,Forecast,84.4854,46.5150,"AR(2),I(0),MA(2)"
Kenya,North Eastern,Garissa,Garissa town (Garissa),Maize,Retail,15/03/2021,Weekly,62.000000,KG,KES,WFP,,,,Aggregated,,,
Kenya,North Eastern,Garissa,Garissa town (Garissa),Maize,Retail,15/06/2021,Weekly,71.666650,KG,KES,WFP,,,,Aggregated,,,
Kenya,North Eastern,Garissa,Garissa town (Garissa),Maize,Retail,15/07/2021,Weekly,66.666600,KG,KES,WFP,,,,Aggregated,,,
Kenya,North Eastern,Garissa,Garissa town (Garissa),Maize,Retail,15/08/2021,Weekly,66.000000,KG,KES,WFP,,,,Aggregated,,,
Kenya,North Eastern,Garissa,Garissa town (Garissa),Maize,Retail,15/09/2021,Weekly,61.666600,KG,KES,WFP,,,,Aggregated,,,
Kenya,North Eastern,Garissa,Garissa town (Garissa),Maize,Retail,15/10/2021,Weekly,70.000000,KG,KES,WFP,,,,Aggregated,,,
Kenya,North Eastern,Garissa,Garissa town (Garissa),Maize,Retail,15/12/2021,Weekly,73.333300,KG,KES,WFP,,,,Aggregated,,,
Kenya,North Eastern,Garissa,Garissa town (Garissa),Maize,Retail,15/01/2022,Weekly,68.750000,KG,KES,WFP,,,,Aggregated,,,
Kenya,North Eastern,Garissa,Garissa town (Garissa),Maize,Retail,15/02/2022,Weekly,68.750000,KG,KES,WFP,,,,Aggregated,,,
Kenya,North Eastern,Garissa,Hagadera (Daadab),Maize,Retail,15/01/2021,Weekly,45.000000,KG,KES,WFP,47.0733,-0.2837,Normal,Aggregated,,,
Kenya,North Eastern,Garissa,Hagadera (Daadab),Maize,Retail,15/03/2021,Weekly,64.741927,KG,KES,WFP,52.9775,1.6095,Alert,Aggregated,,,
Kenya,North Eastern,Garissa,Hagadera (Daadab),Maize,Retail,15/04/2021,Weekly,48.749987,KG,KES,WFP,47.3117,0.1968,Normal,Aggregated,,,
Kenya,North Eastern,Garissa,Hagadera (Daadab),Maize,Retail,15/05/2021,Weekly,49.420287,KG,KES,WFP,47.1758,0.3071,Stress,Aggregated,,,
Kenya,North Eastern,Garissa,Hagadera (Daadab),Maize,Retail,15/06/2021,Weekly,50.000000,KG,KES,WFP,53.1700,-0.4337,Normal,Aggregated,,,
Kenya,North Eastern,Garissa,Hagadera (Daadab),Maize,Retail,15/07/2021,Weekly,50.648148,KG,KES,WFP,57.7567,-0.9725,Normal,Aggregated,,,
Kenya,North Eastern,Garissa,Hagadera (Daadab),Maize,Retail,15/08/2021,Weekly,76.370969,KG,KES,WFP,67.8029,1.1722,Alert,Aggregated,,,
Kenya,North Eastern,Garissa,Hagadera (Daadab),Maize,Retail,15/09/2021,Weekly,65.000000,KG,KES,WFP,58.8822,0.8370,Stress,Aggregated,,,
Kenya,North Eastern,Garissa,Hagadera (Daadab),Maize,Retail,15/10/2021,Weekly,50.357125,KG,KES,WFP,61.5167,-1.5268,Normal,Aggregated,,,
Kenya,North Eastern,Garissa,Hagadera (Daadab),Maize,Retail,15/11/2021,Weekly,53.799989,KG,KES,WFP,60.5802,-0.9276,Normal,Aggregated,,,
Kenya,North Eastern,Garissa,Hagadera (Daadab),Maize,Retail,15/12/2021,Weekly,52.307690,KG,KES,WFP,66.2420,-1.9064,Normal,Aggregated,,,
Kenya,North Eastern,Garissa,Hagadera (Daadab),Maize,Retail,15/01/2023,Weekly,50.000000,KG,KES,WFP,51.8970,-0.2595,Normal,Aggregated,,,
Kenya,North Eastern,Garissa,Hagadera (Daadab),Maize,Retail,15/02/2023,Weekly,50.000000,KG,KES,WFP,50.4607,-0.0630,Normal,Aggregated,,,
Kenya,North Eastern,Garissa,Hagadera (Daadab),Maize,Retail,15/03/2023,Weekly,50.000000,KG,KES,WFP,57.8013,-1.0673,Normal,Aggregated,,,
Kenya,North Eastern,Garissa,Hagadera (Daadab),Maize,Retail,15/04/2023,Weekly,54.375000,KG,KES,WFP,52.1355,0.3064,Stress,Aggregated,,,
Kenya,North Eastern,Garissa,Hagadera (Daadab),Maize,Retail,15/05/2023,Weekly,50.000000,KG,KES,WFP,51.9996,-0.2736,Normal,Aggregated,,,
Kenya,North Eastern,Garissa,Hagadera (Daadab),Maize,Retail,15/06/2023,Weekly,63.444437,KG,KES,WFP,57.9938,0.7457,Stress,Aggregated,,,
Kenya,North Eastern,Garissa,Hagadera (Daadab),Maize,Retail,15/07/2023,Weekly,72.745112,KG,KES,WFP,62.5805,1.4141,Alert,Aggregated,,,
Kenya,North Eastern,Garissa,Hagadera (Daadab),Maize,Retail,15/08/2023,Weekly,74.583333,KG,KES,WFP,73.2981,0.1837,Normal,Aggregated,,,
Kenya,North Eastern,Garissa,Hagadera (Daadab),Maize,Retail,15/09/2023,Weekly,71.249998,KG,KES,WFP,66.2398,0.7162,Stress,Aggregated,,,
Kenya,North Eastern,Garissa,Hagadera (Daadab),Maize,Retail,15/10/2023,Weekly,77.500000,KG,KES,WFP,66.3404,1.5268,Alert,Aggregated,,,
Kenya,North Eastern,Garissa,Hagadera (Daadab),Maize,Retail,15/11/2023,Weekly,80.000000,KG,KES,WFP,65.4040,1.9969,Alert,Aggregated,,,
Kenya,North Eastern,Garissa,Hagadera (Daadab),Maize,Retail,15/12/2023,Weekly,85.000000,KG,KES,WFP,71.0657,1.9064,Alert,Aggregated,,,
Kenya,North Eastern,Garissa,Hagadera (Daadab),Maize,Retail,15/01/2024,Weekly,55.000000,KG,KES,WFP,54.3089,0.0946,Normal,Aggregated,,,
Kenya,North Eastern,Garissa,Hagadera (Daadab),Maize,Retail,15/02/2024,Weekly,53.333333,KG,KES,WFP,52.8726,0.0630,Normal,Aggregated,,,
Kenya,North Eastern,Garissa,Hagadera (Daadab),Maize,Retail,15/03/2024,Weekly,56.250000,KG,KES,WFP,60.2132,-0.5422,Normal,Aggregated,,,
Kenya,North Eastern,Garissa,Hagadera (Daadab),Maize,Retail,15/04/2024,Weekly,50.869564,KG,KES,WFP,54.5474,-0.5032,Normal,Aggregated,,,
Kenya,North Eastern,Garissa,Hagadera (Daadab),Maize,Retail,15/05/2024,Weekly,54.166664,KG,KES,WFP,54.4115,-0.0335,Normal,Aggregated,,,
Kenya,North Eastern,Garissa,Hagadera (Daadab),Maize,Retail,15/06/2024,Weekly,58.125000,KG,KES,WFP,60.4057,-0.3120,Normal,Aggregated,,,
Kenya,North Eastern,Garissa,Hagadera (Daadab),Maize,Retail,15/07/2024,Weekly,61.764704,KG,KES,WFP,64.9924,-0.4416,Normal,Aggregated,,,
Kenya,North Eastern,Garissa,Hagadera (Daadab),Maize,Retail,15/08/2024,Weekly,66.470589,KG,KES,WFP,75.0386,-1.1722,Normal,Aggregated,,,
Kenya,North Eastern,Garissa,Hagadera (Daadab),Maize,Retail,15/09/2024,Weekly,60.000000,KG,KES,WFP,66.1178,-0.8370,Normal,Aggregated,,,
Kenya,North Eastern,Garissa,Hagadera (Daadab),Maize,Retail,15/11/2024,Weekly,60.000000,KG,KES,WFP,67.8158,-1.0693,Normal,Aggregated,,,
Kenya,North Eastern,Garissa,Hagadera (Daadab),Maize,Retail,15/01/2025,Weekly,60.000000,KG,KES,WFP,56.8284,0.4428,Stress,Aggregated,,,
Kenya,North Eastern,Garissa,Hagadera (Daadab),Maize,Retail,15/02/2025,Weekly,60.000000,KG,KES,WFP,57.0066,0.4225,Stress,Aggregated,,,
Kenya,North Eastern,Garissa,Hagadera (Daadab),Maize,Retail,15/03/2025,Weekly,60.000000,KG,KES,WFP,62.0695,-0.2958,Normal,Aggregated,,,
Kenya,North Eastern,Garissa,Hagadera (Daadab),Maize,Retail,15/05/2025,Weekly,60.000000,KG,KES,WFP,57.8729,0.3078,Stress,Aggregated,,,
Kenya,North Eastern,Garissa,Hagadera (Daadab),Maize,Retail,15/06/2025,Weekly,70.000000,KG,KES,WFP,65.1942,0.6983,Stress,Aggregated,,,
Kenya,North Eastern,Garissa,Hagadera (Daadab),Maize,Retail,15/10/2025,Weekly,54.038462,KG,KES,WFP,65.0890,-1.5416,Normal,Aggregated,,,
Kenya,North Eastern,Garissa,Hagadera (Daadab),Maize,Retail,15/11/2025,Weekly,51.521739,KG,KES,WFP,64.4783,-1.7293,Normal,Aggregated,,,
Kenya,North Eastern,Garissa,Hagadera (Daadab),Maize,Retail,15/12/2025,Weekly,58.7165,KG,KES,WFP,64.4783,-1.7293,Normal,Forecast,72.0831,45.3498,"AR(1),I(0),MA(3)"
Kenya,North Eastern,Garissa,Hagadera (Daadab),Maize,Retail,15/01/2026,Weekly,58.6901,KG,KES,WFP,64.4783,-1.7293,Normal,Forecast,72.0567,45.3234,"AR(1),I(0),MA(3)"
Kenya,North Eastern,Garissa,Hagadera (Daadab),Maize,Retail,15/02/2026,Weekly,58.6831,KG,KES,WFP,64.4783,-1.7293,Normal,Forecast,72.0497,45.3164,"AR(1),I(0),MA(3)"
Kenya,North Eastern,Garissa,Hagadera (Daadab),Maize,Retail,15/03/2026,Weekly,58.6812,KG,KES,WFP,64.4783,-1.7293,Normal,Forecast,72.0479,45.3146,"AR(1),I(0),MA(3)"
Kenya,North Eastern,Garissa,Hagadera (Daadab),Maize,Retail,15/04/2026,Weekly,58.6807,KG,KES,WFP,64.4783,-1.7293,Normal,Forecast,72.0474,45.3141,"AR(1),I(0),MA(3)"
Kenya,North Eastern,Garissa,Hagadera (Daadab),Maize,Retail,15/05/2026,Weekly,58.6806,KG,KES,WFP,64.4783,-1.7293,Normal,Forecast,72.0472,45.3139,"AR(1),I(0),MA(3)"
Kenya,Rift Valley,Turkana,HongKong (Kakuma),Maize,Retail,15/02/2021,Weekly,48.125000,KG,KES,WFP,38.9222,0.8101,Stress,Aggregated,,,
Kenya,Rift Valley,Turkana,HongKong (Kakuma),Maize,Retail,15/03/2021,Weekly,45.161291,KG,KES,WFP,51.1300,-0.5254,Normal,Aggregated,,,
Kenya,Rift Valley,Turkana,HongKong (Kakuma),Maize,Retail,15/04/2021,Weekly,41.666667,KG,KES,WFP,40.4487,0.1072,Normal,Aggregated,,,
Kenya,Rift Valley,Turkana,HongKong (Kakuma),Maize,Retail,15/05/2021,Weekly,40.000000,KG,KES,WFP,54.0170,-1.2339,Normal,Aggregated,,,
Kenya,Rift Valley,Turkana,HongKong (Kakuma),Maize,Retail,15/06/2021,Weekly,44.166665,KG,KES,WFP,60.1602,-1.4079,Normal,Aggregated,,,
Kenya,Rift Valley,Turkana,HongKong (Kakuma),Maize,Retail,15/07/2021,Weekly,50.000000,KG,KES,WFP,53.4615,-0.3047,Normal,Aggregated,,,
Kenya,Rift Valley,Turkana,HongKong (Kakuma),Maize,Retail,15/08/2021,Weekly,43.333333,KG,KES,WFP,31.2820,1.0608,Alert,Aggregated,,,
Kenya,Rift Valley,Turkana,HongKong (Kakuma),Maize,Retail,15/09/2021,Weekly,37.500000,KG,KES,WFP,33.3653,0.3640,Stress,Aggregated,,,
Kenya,Rift Valley,Turkana,HongKong (Kakuma),Maize,Retail,15/10/2021,Weekly,40.931359,KG,KES,WFP,56.0426,-1.3302,Normal,Aggregated,,,
Kenya,Rift Valley,Turkana,HongKong (Kakuma),Maize,Retail,15/12/2021,Weekly,42.500000,KG,KES,WFP,45.1837,-0.2362,Normal,Aggregated,,,
Kenya,Rift Valley,Turkana,HongKong (Kakuma),Maize,Retail,15/01/2022,Weekly,48.750001,KG,KES,WFP,51.8269,-0.2709,Normal,Aggregated,,,
Kenya,Rift Valley,Turkana,HongKong (Kakuma),Maize,Retail,15/02/2022,Weekly,42.692308,KG,KES,WFP,45.8453,-0.2776,Normal,Aggregated,,,
Kenya,Rift Valley,Turkana,HongKong (Kakuma),Maize,Retail,15/01/2023,Weekly,57.500000,KG,KES,WFP,58.7500,-0.1100,Normal,Aggregated,,,
Kenya,Rift Valley,Turkana,HongKong (Kakuma),Maize,Retail,15/02/2023,Weekly,60.000000,KG,KES,WFP,52.7684,0.6366,Stress,Aggregated,,,
Kenya,Rift Valley,Turkana,HongKong (Kakuma),Maize,Retail,15/03/2023,Weekly,60.000000,KG,KES,WFP,64.9762,-0.4380,Normal,Aggregated,,,
Kenya,Rift Valley,Turkana,HongKong (Kakuma),Maize,Retail,15/05/2023,Weekly,90.000000,KG,KES,WFP,67.8633,1.9486,Alert,Aggregated,,,
Kenya,Rift Valley,Turkana,HongKong (Kakuma),Maize,Retail,15/06/2023,Weekly,90.000000,KG,KES,WFP,74.0064,1.4079,Alert,Aggregated,,,
Kenya,Rift Valley,Turkana,HongKong (Kakuma),Maize,Retail,15/07/2023,Weekly,76.874998,KG,KES,WFP,67.3077,0.6771,Stress,Aggregated,,,
Kenya,Rift Valley,Turkana,HongKong (Kakuma),Maize,Retail,15/08/2023,Weekly,90.000000,KG,KES,WFP,60.3009,1.9965,Alert,Aggregated,,,
Kenya,Rift Valley,Turkana,HongKong (Kakuma),Maize,Retail,15/09/2023,Weekly,100.000000,KG,KES,WFP,65.0231,2.3512,Crisis,Aggregated,,,
Kenya,Rift Valley,Turkana,HongKong (Kakuma),Maize,Retail,15/10/2023,Weekly,85.000000,KG,KES,WFP,69.8888,1.3302,Alert,Aggregated,,,
Kenya,Rift Valley,Turkana,HongKong (Kakuma),Maize,Retail,15/11/2023,Weekly,78.437505,KG,KES,WFP,78.4375,0.0000,Normal,Aggregated,,,
Kenya,Rift Valley,Turkana,HongKong (Kakuma),Maize,Retail,15/12/2023,Weekly,71.000006,KG,KES,WFP,59.0299,1.0537,Alert,Aggregated,,,
Kenya,Rift Valley,Turkana,HongKong (Kakuma),Maize,Retail,15/01/2024,Weekly,70.000000,KG,KES,WFP,65.6731,0.3809,Stress,Aggregated,,,
Kenya,Rift Valley,Turkana,HongKong (Kakuma),Maize,Retail,15/03/2024,Weekly,100.000000,KG,KES,WFP,71.8993,2.4736,Crisis,Aggregated,,,
Kenya,Rift Valley,Turkana,HongKong (Kakuma),Maize,Retail,15/04/2024,Weekly,60.000000,KG,KES,WFP,61.2180,-0.1072,Normal,Aggregated,,,
Kenya,Rift Valley,Turkana,HongKong (Kakuma),Maize,Retail,15/05/2024,Weekly,66.666650,KG,KES,WFP,74.7864,-0.7148,Normal,Aggregated,,,
Kenya,Rift Valley,Turkana,HongKong (Kakuma),Maize,Retail,15/07/2024,Weekly,70.000000,KG,KES,WFP,74.2308,-0.3724,Normal,Aggregated,,,
Kenya,Rift Valley,Turkana,HongKong (Kakuma),Maize,Retail,15/08/2024,Weekly,40.000000,KG,KES,WFP,52.0513,-1.0608,Normal,Aggregated,,,
Kenya,Rift Valley,Turkana,HongKong (Kakuma),Maize,Retail,15/09/2024,Weekly,50.000000,KG,KES,WFP,54.1347,-0.3640,Normal,Aggregated,,,
Kenya,Rift Valley,Turkana,HongKong (Kakuma),Maize,Retail,15/12/2024,Weekly,56.666700,KG,KES,WFP,65.9531,-0.8175,Normal,Aggregated,,,
Kenya,Rift Valley,Turkana,HongKong (Kakuma),Maize,Retail,15/02/2025,Weekly,53.333300,KG,KES,WFP,66.6147,-1.1691,Normal,Aggregated,,,
Kenya,Rift Valley,Turkana,HongKong (Kakuma),Maize,Retail,15/03/2025,Weekly,61.666700,KG,KES,WFP,79.9535,-1.2293,Normal,Aggregated,,,
Kenya,Rift Valley,Turkana,HongKong (Kakuma),Maize,Retail,15/06/2025,Weekly,65.000000,KG,KES,WFP,79.7981,-0.9850,Normal,Aggregated,,,
Kenya,Rift Valley,Turkana,HongKong (Kakuma),Maize,Retail,15/08/2025,Weekly,85.000000,KG,KES,WFP,76.8938,0.5443,Stress,Aggregated,,,
Kenya,Rift Valley,Turkana,HongKong (Kakuma),Maize,Retail,15/10/2025,Weekly,65.000000,KG,KES,WFP,,,,Aggregated,,,
Kenya,Rift Valley,Turkana,HongKong (Kakuma),Maize,Retail,15/11/2025,Weekly,53.333330,KG,KES,WFP,71.8062,-1.2046,Normal,Aggregated,,,
Kenya,Rift Valley,Turkana,HongKong (Kakuma),Maize,Retail,15/12/2025,Weekly,70.6681,KG,KES,WFP,71.8062,-1.2046,Normal,Forecast,90.4738,50.8623,"AR(1),I(0),MA(3)"
Kenya,Rift Valley,Turkana,HongKong (Kakuma),Maize,Retail,15/01/2026,Weekly,69.4930,KG,KES,WFP,71.8062,-1.2046,Normal,Forecast,89.2987,49.6872,"AR(1),I(0),MA(3)"
Kenya,Rift Valley,Turkana,HongKong (Kakuma),Maize,Retail,15/02/2026,Weekly,68.4442,KG,KES,WFP,71.8062,-1.2046,Normal,Forecast,88.2499,48.6385,"AR(1),I(0),MA(3)"
Kenya,Rift Valley,Turkana,HongKong (Kakuma),Maize,Retail,15/03/2026,Weekly,67.5082,KG,KES,WFP,71.8062,-1.2046,Normal,Forecast,87.3139,47.7024,"AR(1),I(0),MA(3)"
Kenya,Rift Valley,Turkana,HongKong (Kakuma),Maize,Retail,15/04/2026,Weekly,66.6727,KG,KES,WFP,71.8062,-1.2046,Normal,Forecast,86.4785,46.8670,"AR(1),I(0),MA(3)"
Kenya,Rift Valley,Turkana,HongKong (Kakuma),Maize,Retail,15/05/2026,Weekly,65.9271,KG,KES,WFP,71.8062,-1.2046,Normal,Forecast,85.7328,46.1214,"AR(1),I(0),MA(3)"
Kenya,North Eastern,Garissa,IFO (Daadab),Maize,Retail,15/03/2021,Weekly,58.888866,KG,KES,WFP,55.7453,0.5856,Stress,Aggregated,,,
Kenya,North Eastern,Garissa,IFO (Daadab),Maize,Retail,15/04/2021,Weekly,47.307691,KG,KES,WFP,51.8523,-0.8466,Normal,Aggregated,,,
Kenya,North Eastern,Garissa,IFO (Daadab),Maize,Retail,15/05/2021,Weekly,48.639857,KG,KES,WFP,51.3422,-0.5034,Normal,Aggregated,,,
Kenya,North Eastern,Garissa,IFO (Daadab),Maize,Retail,15/06/2021,Weekly,48.858319,KG,KES,WFP,51.4763,-0.4877,Normal,Aggregated,,,
Kenya,North Eastern,Garissa,IFO (Daadab),Maize,Retail,15/07/2021,Weekly,50.000000,KG,KES,WFP,50.2265,-0.0422,Normal,Aggregated,,,
Kenya,North Eastern,Garissa,IFO (Daadab),Maize,Retail,15/08/2021,Weekly,50.846774,KG,KES,WFP,48.7351,0.3934,Stress,Aggregated,,,
Kenya,North Eastern,Garissa,IFO (Daadab),Maize,Retail,15/09/2021,Weekly,51.192590,KG,KES,WFP,48.9080,0.4256,Stress,Aggregated,,,
Kenya,North Eastern,Garissa,IFO (Daadab),Maize,Retail,15/10/2021,Weekly,50.000000,KG,KES,WFP,50.2115,-0.0394,Normal,Aggregated,,,
Kenya,North Eastern,Garissa,IFO (Daadab),Maize,Retail,15/11/2021,Weekly,51.973603,KG,KES,WFP,57.2097,-0.9754,Normal,Aggregated,,,
Kenya,North Eastern,Garissa,IFO (Daadab),Maize,Retail,15/12/2021,Weekly,50.000000,KG,KES,WFP,55.2567,-0.9793,Normal,Aggregated,,,
Kenya,North Eastern,Garissa,IFO (Daadab),Maize,Retail,15/01/2023,Weekly,64.700136,KG,KES,WFP,62.0391,0.4957,Stress,Aggregated,,,
Kenya,North Eastern,Garissa,IFO (Daadab),Maize,Retail,15/02/2023,Weekly,65.203521,KG,KES,WFP,66.6252,-0.2648,Normal,Aggregated,,,
Kenya,North Eastern,Garissa,IFO (Daadab),Maize,Retail,15/03/2023,Weekly,68.211270,KG,KES,WFP,71.3297,-0.5809,Normal,Aggregated,,,
Kenya,North Eastern,Garissa,IFO (Daadab),Maize,Retail,15/04/2023,Weekly,70.000000,KG,KES,WFP,67.4367,0.4775,Stress,Aggregated,,,
Kenya,North Eastern,Garissa,IFO (Daadab),Maize,Retail,15/05/2023,Weekly,64.347667,KG,KES,WFP,66.9266,-0.4804,Normal,Aggregated,,,
Kenya,North Eastern,Garissa,IFO (Daadab),Maize,Retail,15/06/2023,Weekly,67.175910,KG,KES,WFP,67.0607,0.0215,Normal,Aggregated,,,
Kenya,North Eastern,Garissa,IFO (Daadab),Maize,Retail,15/07/2023,Weekly,67.284925,KG,KES,WFP,65.8110,0.2577,Stress,Aggregated,,,
Kenya,North Eastern,Garissa,IFO (Daadab),Maize,Retail,15/08/2023,Weekly,92.887108,KG,KES,WFP,73.6564,2.7460,Crisis,Aggregated,,,
Kenya,North Eastern,Garissa,IFO (Daadab),Maize,Retail,15/09/2023,Weekly,68.333342,KG,KES,WFP,65.5871,0.3921,Stress,Aggregated,,,
Kenya,North Eastern,Garissa,IFO (Daadab),Maize,Retail,15/10/2023,Weekly,68.623179,KG,KES,WFP,65.7959,0.5267,Stress,Aggregated,,,
Kenya,North Eastern,Garissa,IFO (Daadab),Maize,Retail,15/11/2023,Weekly,88.616669,KG,KES,WFP,72.7942,2.9476,Crisis,Aggregated,,,
Kenya,North Eastern,Garissa,IFO (Daadab),Maize,Retail,15/12/2023,Weekly,84.731188,KG,KES,WFP,70.8411,2.5876,Crisis,Aggregated,,,
Kenya,North Eastern,Garissa,IFO (Daadab),Maize,Retail,15/01/2024,Weekly,74.793865,KG,KES,WFP,69.8313,0.9245,Stress,Aggregated,,,
Kenya,North Eastern,Garissa,IFO (Daadab),Maize,Retail,15/02/2024,Weekly,75.839095,KG,KES,WFP,74.4174,0.2648,Stress,Aggregated,,,
Kenya,North Eastern,Garissa,IFO (Daadab),Maize,Retail,15/03/2024,Weekly,79.096774,KG,KES,WFP,79.1219,-0.0047,Normal,Aggregated,,,
Kenya,North Eastern,Garissa,IFO (Daadab),Maize,Retail,15/04/2024,Weekly,77.210134,KG,KES,WFP,75.2289,0.3691,Stress,Aggregated,,,
Kenya,North Eastern,Garissa,IFO (Daadab),Maize,Retail,15/05/2024,Weekly,80.000000,KG,KES,WFP,74.7188,0.9838,Stress,Aggregated,,,
Kenya,North Eastern,Garissa,IFO (Daadab),Maize,Retail,15/06/2024,Weekly,77.355563,KG,KES,WFP,74.8529,0.4662,Stress,Aggregated,,,
Kenya,North Eastern,Garissa,IFO (Daadab),Maize,Retail,15/07/2024,Weekly,72.446229,KG,KES,WFP,73.6032,-0.2155,Normal,Aggregated,,,
Kenya,North Eastern,Garissa,IFO (Daadab),Maize,Retail,15/08/2024,Weekly,70.000000,KG,KES,WFP,72.1117,-0.3934,Normal,Aggregated,,,
Kenya,North Eastern,Garissa,IFO (Daadab),Maize,Retail,15/09/2024,Weekly,70.000000,KG,KES,WFP,72.2846,-0.4256,Normal,Aggregated,,,
Kenya,North Eastern,Garissa,IFO (Daadab),Maize,Retail,15/10/2024,Weekly,70.972212,KG,KES,WFP,73.5881,-0.4873,Normal,Aggregated,,,
Kenya,North Eastern,Garissa,IFO (Daadab),Maize,Retail,15/11/2024,Weekly,70.000000,KG,KES,WFP,80.5864,-1.9721,Normal,Aggregated,,,
Kenya,North Eastern,Garissa,IFO (Daadab),Maize,Retail,15/12/2024,Weekly,70.000000,KG,KES,WFP,78.6333,-1.6083,Normal,Aggregated,,,
Kenya,North Eastern,Garissa,IFO (Daadab),Maize,Retail,15/01/2025,Weekly,70.000000,KG,KES,WFP,77.8439,-1.1914,Normal,Aggregated,,,
Kenya,North Eastern,Garissa,IFO (Daadab),Maize,Retail,15/02/2025,Weekly,70.297624,KG,KES,WFP,78.2177,-1.1822,Normal,Aggregated,,,
Kenya,North Eastern,Garissa,IFO (Daadab),Maize,Retail,15/03/2025,Weekly,70.111113,KG,KES,WFP,81.7390,-1.6604,Normal,Aggregated,,,
Kenya,North Eastern,Garissa,IFO (Daadab),Maize,Retail,15/05/2025,Weekly,70.000000,KG,KES,WFP,77.8252,-1.1057,Normal,Aggregated,,,
Kenya,North Eastern,Garissa,IFO (Daadab),Maize,Retail,15/06/2025,Weekly,70.000000,KG,KES,WFP,77.4114,-1.0395,Normal,Aggregated,,,
Kenya,North Eastern,Garissa,IFO (Daadab),Maize,Retail,15/07/2025,Weekly,70.000000,KG,KES,WFP,76.1008,-0.8552,Normal,Aggregated,,,
Kenya,North Eastern,Garissa,IFO (Daadab),Maize,Retail,15/08/2025,Weekly,70.000000,KG,KES,WFP,81.4063,-1.5491,Normal,Aggregated,,,
Kenya,North Eastern,Garissa,IFO (Daadab),Maize,Retail,15/09/2025,Weekly,70.000000,KG,KES,WFP,75.0635,-0.6905,Normal,Aggregated,,,
Kenya,North Eastern,Garissa,IFO (Daadab),Maize,Retail,15/10/2025,Weekly,67.151767,KG,KES,WFP,73.9969,-0.9310,Normal,Aggregated,,,
Kenya,North Eastern,Garissa,IFO (Daadab),Maize,Retail,15/11/2025,Weekly,65.181643,KG,KES,WFP,78.0881,-1.6913,Normal,Aggregated,,,
Kenya,North Eastern,Garissa,IFO (Daadab),Maize,Retail,15/12/2025,Weekly,69.2155,KG,KES,WFP,78.0881,-1.6913,Normal,Forecast,79.2234,59.2075,"AR(4),I(0),MA(1)"
Kenya,North Eastern,Garissa,IFO (Daadab),Maize,Retail,15/01/2026,Weekly,68.9872,KG,KES,WFP,78.0881,-1.6913,Normal,Forecast,78.9952,58.9793,"AR(4),I(0),MA(1)"
Kenya,North Eastern,Garissa,IFO (Daadab),Maize,Retail,15/02/2026,Weekly,68.7298,KG,KES,WFP,78.0881,-1.6913,Normal,Forecast,78.7378,58.7219,"AR(4),I(0),MA(1)"
Kenya,North Eastern,Garissa,IFO (Daadab),Maize,Retail,15/03/2026,Weekly,68.5833,KG,KES,WFP,78.0881,-1.6913,Normal,Forecast,78.5913,58.5753,"AR(4),I(0),MA(1)"
Kenya,North Eastern,Garissa,IFO (Daadab),Maize,Retail,15/04/2026,Weekly,68.4270,KG,KES,WFP,78.0881,-1.6913,Normal,Forecast,78.4349,58.4190,"AR(4),I(0),MA(1)"
Kenya,North Eastern,Garissa,IFO (Daadab),Maize,Retail,15/05/2026,Weekly,68.2274,KG,KES,WFP,78.0881,-1.6913,Normal,Forecast,78.2353,58.2194,"AR(4),I(0),MA(1)"
Kenya,Eastern,Isiolo,Isiolo town,Maize,Retail,15/02/2021,Weekly,42.500000,KG,KES,WFP,,,,Aggregated,,,
Kenya,Eastern,Isiolo,Isiolo town,Maize,Retail,15/03/2021,Weekly,55.000000,KG,KES,WFP,,,,Aggregated,,,
Kenya,Eastern,Isiolo,Isiolo town,Maize,Retail,15/07/2021,Weekly,60.000000,KG,KES,WFP,,,,Aggregated,,,
Kenya,Eastern,Isiolo,Isiolo town,Maize,Retail,15/08/2021,Weekly,64.444400,KG,KES,WFP,,,,Aggregated,,,
Kenya,Eastern,Isiolo,Isiolo town,Maize,Retail,15/09/2021,Weekly,66.666600,KG,KES,WFP,,,,Aggregated,,,
Kenya,Eastern,Isiolo,Isiolo town,Maize,Retail,15/11/2021,Weekly,70.000000,KG,KES,WFP,,,,Aggregated,,,
Kenya,Coast,Mombasa,Junda (Mombasa),Maize,Retail,15/04/2021,Weekly,50.000000,KG,KES,WFP,,,,Aggregated,,,
Kenya,Coast,Mombasa,Junda (Mombasa),Maize,Retail,15/07/2021,Weekly,55.000000,KG,KES,WFP,,,,Aggregated,,,
Kenya,Coast,Mombasa,Junda (Mombasa),Maize,Retail,15/08/2021,Weekly,57.386363,KG,KES,WFP,,,,Aggregated,,,
Kenya,Coast,Mombasa,Junda (Mombasa),Maize,Retail,15/09/2021,Weekly,56.666600,KG,KES,WFP,,,,Aggregated,,,
Kenya,Coast,Mombasa,Junda (Mombasa),Maize,Retail,15/10/2021,Weekly,60.000000,KG,KES,WFP,,,,Aggregated,,,
Kenya,Coast,Mombasa,Junda (Mombasa),Maize,Retail,15/11/2021,Weekly,60.000000,KG,KES,WFP,,,,Aggregated,,,
Kenya,Rift Valley,Turkana,Kakuma 2,Maize,Retail,15/02/2021,Weekly,41.666666,KG,KES,WFP,49.0185,-0.6445,Normal,Aggregated,,,
Kenya,Rift Valley,Turkana,Kakuma 2,Maize,Retail,15/03/2021,Weekly,45.080645,KG,KES,WFP,52.3708,-0.6391,Normal,Aggregated,,,
Kenya,Rift Valley,Turkana,Kakuma 2,Maize,Retail,15/04/2021,Weekly,41.999999,KG,KES,WFP,49.0746,-0.6202,Normal,Aggregated,,,
Kenya,Rift Valley,Turkana,Kakuma 2,Maize,Retail,15/05/2021,Weekly,41.111110,KG,KES,WFP,55.4450,-1.2565,Normal,Aggregated,,,
Kenya,Rift Valley,Turkana,Kakuma 2,Maize,Retail,15/06/2021,Weekly,45.147059,KG,KES,WFP,38.6183,0.5723,Stress,Aggregated,,,
Kenya,Rift Valley,Turkana,Kakuma 2,Maize,Retail,15/07/2021,Weekly,43.823529,KG,KES,WFP,48.0158,-0.3675,Normal,Aggregated,,,
Kenya,Rift Valley,Turkana,Kakuma 2,Maize,Retail,15/08/2021,Weekly,45.000000,KG,KES,WFP,42.8171,0.1914,Normal,Aggregated,,,
Kenya,Rift Valley,Turkana,Kakuma 2,Maize,Retail,15/09/2021,Weekly,45.833333,KG,KES,WFP,41.9838,0.3375,Stress,Aggregated,,,
Kenya,Rift Valley,Turkana,Kakuma 2,Maize,Retail,15/10/2021,Weekly,41.250000,KG,KES,WFP,45.4912,-0.3718,Normal,Aggregated,,,
Kenya,Rift Valley,Turkana,Kakuma 2,Maize,Retail,15/11/2021,Weekly,40.000000,KG,KES,WFP,47.8156,-0.6851,Normal,Aggregated,,,
Kenya,Rift Valley,Turkana,Kakuma 2,Maize,Retail,15/12/2021,Weekly,46.666650,KG,KES,WFP,46.1857,0.0422,Normal,Aggregated,,,
Kenya,Rift Valley,Turkana,Kakuma 2,Maize,Retail,15/01/2022,Weekly,47.166666,KG,KES,WFP,55.9336,-0.7685,Normal,Aggregated,,,
Kenya,Rift Valley,Turkana,Kakuma 2,Maize,Retail,15/02/2022,Weekly,46.538463,KG,KES,WFP,52.9737,-0.5641,Normal,Aggregated,,,
Kenya,Rift Valley,Turkana,Kakuma 2,Maize,Retail,15/01/2023,Weekly,62.500000,KG,KES,WFP,59.8889,0.2289,Normal,Aggregated,,,
Kenya,Rift Valley,Turkana,Kakuma 2,Maize,Retail,15/02/2023,Weekly,85.555559,KG,KES,WFP,56.9290,2.5095,Crisis,Aggregated,,,
Kenya,Rift Valley,Turkana,Kakuma 2,Maize,Retail,15/03/2023,Weekly,70.000000,KG,KES,WFP,60.2813,0.8520,Stress,Aggregated,,,
Kenya,Rift Valley,Turkana,Kakuma 2,Maize,Retail,15/04/2023,Weekly,70.000000,KG,KES,WFP,56.9851,1.1409,Alert,Aggregated,,,
Kenya,Rift Valley,Turkana,Kakuma 2,Maize,Retail,15/05/2023,Weekly,85.000000,KG,KES,WFP,63.3555,1.8974,Alert,Aggregated,,,
Kenya,Rift Valley,Turkana,Kakuma 2,Maize,Retail,15/06/2023,Weekly,40.000000,KG,KES,WFP,46.5288,-0.5723,Normal,Aggregated,,,
Kenya,Rift Valley,Turkana,Kakuma 2,Maize,Retail,15/07/2023,Weekly,78.750001,KG,KES,WFP,55.9263,2.1103,Crisis,Aggregated,,,
Kenya,Rift Valley,Turkana,Kakuma 2,Maize,Retail,15/08/2023,Weekly,70.000000,KG,KES,WFP,57.2470,1.0583,Alert,Aggregated,,,
Kenya,Rift Valley,Turkana,Kakuma 2,Maize,Retail,15/09/2023,Weekly,80.000000,KG,KES,WFP,60.0247,1.6576,Alert,Aggregated,,,
Kenya,Rift Valley,Turkana,Kakuma 2,Maize,Retail,15/10/2023,Weekly,70.000000,KG,KES,WFP,53.4018,1.4550,Alert,Aggregated,,,
Kenya,Rift Valley,Turkana,Kakuma 2,Maize,Retail,15/11/2023,Weekly,63.541673,KG,KES,WFP,55.7261,0.6851,Stress,Aggregated,,,
Kenya,Rift Valley,Turkana,Kakuma 2,Maize,Retail,15/12/2023,Weekly,61.666700,KG,KES,WFP,54.0962,0.6636,Stress,Aggregated,,,
Kenya,Rift Valley,Turkana,Kakuma 2,Maize,Retail,15/01/2024,Weekly,70.000000,KG,KES,WFP,73.2126,-0.4725,Normal,Aggregated,,,
Kenya,Rift Valley,Turkana,Kakuma 2,Maize,Retail,15/03/2024,Weekly,70.000000,KG,KES,WFP,78.5126,-1.2149,Normal,Aggregated,,,
Kenya,Rift Valley,Turkana,Kakuma 2,Maize,Retail,15/04/2024,Weekly,55.000000,KG,KES,WFP,70.8961,-2.0072,Normal,Aggregated,,,
Kenya,Rift Valley,Turkana,Kakuma 2,Maize,Retail,15/05/2024,Weekly,60.000000,KG,KES,WFP,75.8276,-1.8262,Normal,Aggregated,,,
Kenya,Rift Valley,Turkana,Kakuma 2,Maize,Retail,15/07/2024,Weekly,40.000000,KG,KES,WFP,59.8815,-1.7429,Normal,Aggregated,,,
Kenya,Rift Valley,Turkana,Kakuma 2,Maize,Retail,15/08/2024,Weekly,52.500000,KG,KES,WFP,54.6829,-0.1914,Normal,Aggregated,,,
Kenya,Rift Valley,Turkana,Kakuma 2,Maize,Retail,15/09/2024,Weekly,50.000000,KG,KES,WFP,53.8495,-0.3375,Normal,Aggregated,,,
Kenya,Rift Valley,Turkana,Kakuma 2,Maize,Retail,15/10/2024,Weekly,45.000000,KG,KES,WFP,57.3570,-1.0832,Normal,Aggregated,,,
Kenya,Rift Valley,Turkana,Kakuma 2,Maize,Retail,15/12/2024,Weekly,50.000000,KG,KES,WFP,58.0515,-0.7058,Normal,Aggregated,,,
Kenya,Rift Valley,Turkana,Kakuma 2,Maize,Retail,15/02/2025,Weekly,50.000000,KG,KES,WFP,64.8395,-1.3009,Normal,Aggregated,,,
Kenya,Rift Valley,Turkana,Kakuma 2,Maize,Retail,15/03/2025,Weekly,60.000000,KG,KES,WFP,68.6917,-0.7213,Normal,Aggregated,,,
Kenya,Rift Valley,Turkana,Kakuma 2,Maize,Retail,15/04/2025,Weekly,57.500000,KG,KES,WFP,63.1367,-0.4723,Normal,Aggregated,,,
Kenya,Rift Valley,Turkana,Kakuma 2,Maize,Retail,15/06/2025,Weekly,80.000000,KG,KES,WFP,64.5964,1.2612,Alert,Aggregated,,,
Kenya,Rift Valley,Turkana,Kakuma 2,Maize,Retail,15/07/2025,Weekly,80.000000,KG,KES,WFP,69.6361,0.8483,Stress,Aggregated,,,
Kenya,Rift Valley,Turkana,Kakuma 2,Maize,Retail,15/09/2025,Weekly,55.000000,KG,KES,WFP,66.0590,-0.9034,Normal,Aggregated,,,
Kenya,Rift Valley,Turkana,Kakuma 2,Maize,Retail,15/10/2025,Weekly,50.000000,KG,KES,WFP,59.3975,-0.7694,Normal,Aggregated,,,
Kenya,Rift Valley,Turkana,Kakuma 2,Maize,Retail,15/11/2025,Weekly,52.592567,KG,KES,WFP,60.4022,-0.6420,Normal,Aggregated,,,
Kenya,Rift Valley,Turkana,Kakuma 2,Maize,Retail,15/12/2025,Weekly,58.7727,KG,KES,WFP,60.4022,-0.6420,Normal,Forecast,77.0033,40.5421,"AR(2),I(0),MA(1)"
Kenya,Rift Valley,Turkana,Kakuma 2,Maize,Retail,15/01/2026,Weekly,57.7868,KG,KES,WFP,60.4022,-0.6420,Normal,Forecast,76.0174,39.5562,"AR(2),I(0),MA(1)"
Kenya,Rift Valley,Turkana,Kakuma 2,Maize,Retail,15/02/2026,Weekly,57.6870,KG,KES,WFP,60.4022,-0.6420,Normal,Forecast,75.9176,39.4564,"AR(2),I(0),MA(1)"
Kenya,Rift Valley,Turkana,Kakuma 2,Maize,Retail,15/03/2026,Weekly,57.2928,KG,KES,WFP,60.4022,-0.6420,Normal,Forecast,75.5234,39.0622,"AR(2),I(0),MA(1)"
Kenya,Rift Valley,Turkana,Kakuma 2,Maize,Retail,15/04/2026,Weekly,57.0953,KG,KES,WFP,60.4022,-0.6420,Normal,Forecast,75.3259,38.8647,"AR(2),I(0),MA(1)"
Kenya,Rift Valley,Turkana,Kakuma 2,Maize,Retail,15/05/2026,Weekly,56.8729,KG,KES,WFP,60.4022,-0.6420,Normal,Forecast,75.1035,38.6423,"AR(2),I(0),MA(1)"
Kenya,Rift Valley,Turkana,Kakuma 3,Maize,Retail,15/02/2021,Weekly,41.250000,KG,KES,WFP,48.9499,-0.5693,Normal,Aggregated,,,
Kenya,Rift Valley,Turkana,Kakuma 3,Maize,Retail,15/03/2021,Weekly,43.483867,KG,KES,WFP,48.0977,-0.3411,Normal,Aggregated,,,
Kenya,Rift Valley,Turkana,Kakuma 3,Maize,Retail,15/04/2021,Weekly,41.794439,KG,KES,WFP,49.1920,-0.5470,Normal,Aggregated,,,
Kenya,Rift Valley,Turkana,Kakuma 3,Maize,Retail,15/05/2021,Weekly,40.499999,KG,KES,WFP,57.0939,-1.2270,Normal,Aggregated,,,
Kenya,Rift Valley,Turkana,Kakuma 3,Maize,Retail,15/06/2021,Weekly,41.066667,KG,KES,WFP,53.9494,-0.9526,Normal,Aggregated,,,
Kenya,Rift Valley,Turkana,Kakuma 3,Maize,Retail,15/07/2021,Weekly,46.039188,KG,KES,WFP,57.2736,-0.8307,Normal,Aggregated,,,
Kenya,Rift Valley,Turkana,Kakuma 3,Maize,Retail,15/08/2021,Weekly,43.576379,KG,KES,WFP,40.7727,0.2073,Normal,Aggregated,,,
Kenya,Rift Valley,Turkana,Kakuma 3,Maize,Retail,15/09/2021,Weekly,40.000000,KG,KES,WFP,37.7345,0.1675,Normal,Aggregated,,,
Kenya,Rift Valley,Turkana,Kakuma 3,Maize,Retail,15/10/2021,Weekly,47.777759,KG,KES,WFP,47.8531,-0.0056,Normal,Aggregated,,,
Kenya,Rift Valley,Turkana,Kakuma 3,Maize,Retail,15/11/2021,Weekly,40.000000,KG,KES,WFP,49.0279,-0.6675,Normal,Aggregated,,,
Kenya,Rift Valley,Turkana,Kakuma 3,Maize,Retail,15/12/2021,Weekly,47.500000,KG,KES,WFP,51.0939,-0.2657,Normal,Aggregated,,,
Kenya,Rift Valley,Turkana,Kakuma 3,Maize,Retail,15/01/2022,Weekly,53.622207,KG,KES,WFP,51.5567,0.1527,Normal,Aggregated,,,
Kenya,Rift Valley,Turkana,Kakuma 3,Maize,Retail,15/02/2022,Weekly,42.769229,KG,KES,WFP,53.7935,-0.8151,Normal,Aggregated,,,
Kenya,Rift Valley,Turkana,Kakuma 3,Maize,Retail,15/01/2023,Weekly,65.000000,KG,KES,WFP,56.4004,0.6359,Stress,Aggregated,,,
Kenya,Rift Valley,Turkana,Kakuma 3,Maize,Retail,15/02/2023,Weekly,87.500002,KG,KES,WFP,58.6372,2.1341,Crisis,Aggregated,,,
Kenya,Rift Valley,Turkana,Kakuma 3,Maize,Retail,15/03/2023,Weekly,70.000000,KG,KES,WFP,57.7850,0.9032,Stress,Aggregated,,,
Kenya,Rift Valley,Turkana,Kakuma 3,Maize,Retail,15/04/2023,Weekly,70.000000,KG,KES,WFP,58.8794,0.8223,Stress,Aggregated,,,
Kenya,Rift Valley,Turkana,Kakuma 3,Maize,Retail,15/05/2023,Weekly,95.000000,KG,KES,WFP,66.7812,2.0865,Crisis,Aggregated,,,
Kenya,Rift Valley,Turkana,Kakuma 3,Maize,Retail,15/06/2023,Weekly,90.000000,KG,KES,WFP,63.6368,1.9493,Alert,Aggregated,,,
Kenya,Rift Valley,Turkana,Kakuma 3,Maize,Retail,15/07/2023,Weekly,97.500002,KG,KES,WFP,66.9610,2.4429,Crisis,Aggregated,,,
Kenya,Rift Valley,Turkana,Kakuma 3,Maize,Retail,15/08/2023,Weekly,80.000000,KG,KES,WFP,60.3990,1.3958,Alert,Aggregated,,,
Kenya,Rift Valley,Turkana,Kakuma 3,Maize,Retail,15/09/2023,Weekly,75.000000,KG,KES,WFP,56.7069,1.3027,Alert,Aggregated,,,
Kenya,Rift Valley,Turkana,Kakuma 3,Maize,Retail,15/10/2023,Weekly,72.500000,KG,KES,WFP,57.5405,1.1061,Alert,Aggregated,,,
Kenya,Rift Valley,Turkana,Kakuma 3,Maize,Retail,15/11/2023,Weekly,72.968750,KG,KES,WFP,58.7152,1.0539,Alert,Aggregated,,,
Kenya,Rift Valley,Turkana,Kakuma 3,Maize,Retail,15/12/2023,Weekly,70.000000,KG,KES,WFP,60.7812,0.6816,Stress,Aggregated,,,
Kenya,Rift Valley,Turkana,Kakuma 3,Maize,Retail,15/01/2024,Weekly,60.000000,KG,KES,WFP,76.7848,-2.2093,Normal,Aggregated,,,
Kenya,Rift Valley,Turkana,Kakuma 3,Maize,Retail,15/02/2024,Weekly,66.666700,KG,KES,WFP,83.3297,-1.9704,Normal,Aggregated,,,
Kenya,Rift Valley,Turkana,Kakuma 3,Maize,Retail,15/03/2024,Weekly,67.500000,KG,KES,WFP,80.2130,-1.4327,Normal,Aggregated,,,
Kenya,Rift Valley,Turkana,Kakuma 3,Maize,Retail,15/04/2024,Weekly,60.000000,KG,KES,WFP,75.7355,-1.6552,Normal,Aggregated,,,
Kenya,Rift Valley,Turkana,Kakuma 3,Maize,Retail,15/05/2024,Weekly,60.000000,KG,KES,WFP,81.8364,-2.0455,Normal,Aggregated,,,
Kenya,Rift Valley,Turkana,Kakuma 3,Maize,Retail,15/06/2024,Weekly,55.000000,KG,KES,WFP,77.0146,-1.8861,Normal,Aggregated,,,
Kenya,Rift Valley,Turkana,Kakuma 3,Maize,Retail,15/07/2024,Weekly,50.000000,KG,KES,WFP,77.5547,-2.1060,Normal,Aggregated,,,
Kenya,Rift Valley,Turkana,Kakuma 3,Maize,Retail,15/08/2024,Weekly,52.500000,KG,KES,WFP,70.5410,-1.3369,Normal,Aggregated,,,
Kenya,Rift Valley,Turkana,Kakuma 3,Maize,Retail,15/09/2024,Weekly,50.000000,KG,KES,WFP,65.8650,-1.1548,Normal,Aggregated,,,
Kenya,Rift Valley,Turkana,Kakuma 3,Maize,Retail,15/10/2024,Weekly,47.500000,KG,KES,WFP,65.7266,-1.2930,Normal,Aggregated,,,
Kenya,Rift Valley,Turkana,Kakuma 3,Maize,Retail,15/11/2024,Weekly,58.333300,KG,KES,WFP,66.4533,-0.5800,Normal,Aggregated,,,
Kenya,Rift Valley,Turkana,Kakuma 3,Maize,Retail,15/12/2024,Weekly,60.000000,KG,KES,WFP,68.0960,-0.5821,Normal,Aggregated,,,
Kenya,Rift Valley,Turkana,Kakuma 3,Maize,Retail,15/01/2025,Weekly,56.666700,KG,KES,WFP,68.2218,-0.8311,Normal,Aggregated,,,
Kenya,Rift Valley,Turkana,Kakuma 3,Maize,Retail,15/02/2025,Weekly,55.000000,KG,KES,WFP,69.8588,-1.0611,Normal,Aggregated,,,
Kenya,Rift Valley,Turkana,Kakuma 3,Maize,Retail,15/03/2025,Weekly,55.000000,KG,KES,WFP,67.9570,-0.9227,Normal,Aggregated,,,
Kenya,Rift Valley,Turkana,Kakuma 3,Maize,Retail,15/04/2025,Weekly,64.166650,KG,KES,WFP,67.7300,-0.2567,Normal,Aggregated,,,
Kenya,Rift Valley,Turkana,Kakuma 3,Maize,Retail,15/05/2025,Weekly,70.000000,KG,KES,WFP,74.8321,-0.3517,Normal,Aggregated,,,
Kenya,Rift Valley,Turkana,Kakuma 3,Maize,Retail,15/06/2025,Weekly,63.333300,KG,KES,WFP,70.4159,-0.5193,Normal,Aggregated,,,
Kenya,Rift Valley,Turkana,Kakuma 3,Maize,Retail,15/07/2025,Weekly,76.666700,KG,KES,WFP,75.6696,0.0740,Normal,Aggregated,,,
Kenya,Rift Valley,Turkana,Kakuma 3,Maize,Retail,15/08/2025,Weekly,70.000000,KG,KES,WFP,69.6544,0.0259,Normal,Aggregated,,,
Kenya,Rift Valley,Turkana,Kakuma 3,Maize,Retail,15/09/2025,Weekly,66.666700,KG,KES,WFP,66.0798,0.0445,Normal,Aggregated,,,
Kenya,Rift Valley,Turkana,Kakuma 3,Maize,Retail,15/10/2025,Weekly,55.000000,KG,KES,WFP,63.4741,-0.6461,Normal,Aggregated,,,
Kenya,Rift Valley,Turkana,Kakuma 3,Maize,Retail,15/11/2025,Weekly,55.000000,KG,KES,WFP,63.9670,-0.6862,Normal,Aggregated,,,
Kenya,Rift Valley,Turkana,Kakuma 3,Maize,Retail,15/12/2025,Weekly,64.7856,KG,KES,WFP,63.9670,-0.6862,Normal,Forecast,79.8196,49.7515,"AR(2),I(0),MA(1)"
Kenya,Rift Valley,Turkana,Kakuma 3,Maize,Retail,15/01/2026,Weekly,64.0667,KG,KES,WFP,63.9670,-0.6862,Normal,Forecast,79.1008,49.0326,"AR(2),I(0),MA(1)"
Kenya,Rift Valley,Turkana,Kakuma 3,Maize,Retail,15/02/2026,Weekly,63.4154,KG,KES,WFP,63.9670,-0.6862,Normal,Forecast,78.4495,48.3814,"AR(2),I(0),MA(1)"
Kenya,Rift Valley,Turkana,Kakuma 3,Maize,Retail,15/03/2026,Weekly,62.8245,KG,KES,WFP,63.9670,-0.6862,Normal,Forecast,77.8586,47.7904,"AR(2),I(0),MA(1)"
Kenya,Rift Valley,Turkana,Kakuma 3,Maize,Retail,15/04/2026,Weekly,62.2884,KG,KES,WFP,63.9670,-0.6862,Normal,Forecast,77.3225,47.2544,"AR(2),I(0),MA(1)"
Kenya,Rift Valley,Turkana,Kakuma 3,Maize,Retail,15/05/2026,Weekly,61.8021,KG,KES,WFP,63.9670,-0.6862,Normal,Forecast,76.8362,46.7681,"AR(2),I(0),MA(1)"
Kenya,Rift Valley,Turkana,Kakuma 4,Maize,Retail,15/02/2021,Weekly,43.750000,KG,KES,WFP,48.8353,-0.4540,Normal,Aggregated,,,
Kenya,Rift Valley,Turkana,Kakuma 4,Maize,Retail,15/03/2021,Weekly,43.991936,KG,KES,WFP,48.3733,-0.3911,Normal,Aggregated,,,
Kenya,Rift Valley,Turkana,Kakuma 4,Maize,Retail,15/04/2021,Weekly,42.065219,KG,KES,WFP,42.1995,-0.0120,Normal,Aggregated,,,
Kenya,Rift Valley,Turkana,Kakuma 4,Maize,Retail,15/05/2021,Weekly,43.333334,KG,KES,WFP,54.6299,-1.0084,Normal,Aggregated,,,
Kenya,Rift Valley,Turkana,Kakuma 4,Maize,Retail,15/06/2021,Weekly,45.243045,KG,KES,WFP,57.4887,-1.0931,Normal,Aggregated,,,
Kenya,Rift Valley,Turkana,Kakuma 4,Maize,Retail,15/07/2021,Weekly,42.941175,KG,KES,WFP,55.8880,-1.1557,Normal,Aggregated,,,
Kenya,Rift Valley,Turkana,Kakuma 4,Maize,Retail,15/08/2021,Weekly,48.181818,KG,KES,WFP,43.5911,0.4098,Stress,Aggregated,,,
Kenya,Rift Valley,Turkana,Kakuma 4,Maize,Retail,15/09/2021,Weekly,44.166665,KG,KES,WFP,42.0002,0.1934,Normal,Aggregated,,,
Kenya,Rift Valley,Turkana,Kakuma 4,Maize,Retail,15/10/2021,Weekly,45.746507,KG,KES,WFP,49.6565,-0.3490,Normal,Aggregated,,,
Kenya,Rift Valley,Turkana,Kakuma 4,Maize,Retail,15/11/2021,Weekly,46.666600,KG,KES,WFP,48.9111,-0.2004,Normal,Aggregated,,,
Kenya,Rift Valley,Turkana,Kakuma 4,Maize,Retail,15/12/2021,Weekly,50.000000,KG,KES,WFP,46.6160,0.3021,Stress,Aggregated,,,
Kenya,Rift Valley,Turkana,Kakuma 4,Maize,Retail,15/01/2022,Weekly,54.333333,KG,KES,WFP,58.0835,-0.3348,Normal,Aggregated,,,
Kenya,Rift Valley,Turkana,Kakuma 4,Maize,Retail,15/02/2022,Weekly,45.000000,KG,KES,WFP,51.3907,-0.5705,Normal,Aggregated,,,
Kenya,Rift Valley,Turkana,Kakuma 4,Maize,Retail,15/01/2023,Weekly,65.000000,KG,KES,WFP,60.6390,0.3893,Stress,Aggregated,,,
Kenya,Rift Valley,Turkana,Kakuma 4,Maize,Retail,15/02/2023,Weekly,74.479182,KG,KES,WFP,53.9461,1.8329,Alert,Aggregated,,,
Kenya,Rift Valley,Turkana,Kakuma 4,Maize,Retail,15/03/2023,Weekly,65.000000,KG,KES,WFP,53.4841,1.0280,Alert,Aggregated,,,
Kenya,Rift Valley,Turkana,Kakuma 4,Maize,Retail,15/05/2023,Weekly,80.000000,KG,KES,WFP,59.7407,1.8085,Alert,Aggregated,,,
Kenya,Rift Valley,Turkana,Kakuma 4,Maize,Retail,15/06/2023,Weekly,90.000000,KG,KES,WFP,62.5995,2.4460,Crisis,Aggregated,,,
Kenya,Rift Valley,Turkana,Kakuma 4,Maize,Retail,15/07/2023,Weekly,84.375000,KG,KES,WFP,60.9989,2.1425,Crisis,Aggregated,,,
Kenya,Rift Valley,Turkana,Kakuma 4,Maize,Retail,15/08/2023,Weekly,80.000000,KG,KES,WFP,59.1984,1.7825,Alert,Aggregated,,,
Kenya,Rift Valley,Turkana,Kakuma 4,Maize,Retail,15/09/2023,Weekly,53.333300,KG,KES,WFP,49.2488,0.3500,Stress,Aggregated,,,
Kenya,Rift Valley,Turkana,Kakuma 4,Maize,Retail,15/10/2023,Weekly,66.000000,KG,KES,WFP,54.7673,1.0027,Alert,Aggregated,,,
Kenya,Rift Valley,Turkana,Kakuma 4,Maize,Retail,15/11/2023,Weekly,57.843747,KG,KES,WFP,54.0219,0.3412,Stress,Aggregated,,,
Kenya,Rift Valley,Turkana,Kakuma 4,Maize,Retail,15/12/2023,Weekly,52.624998,KG,KES,WFP,51.7268,0.0802,Normal,Aggregated,,,
Kenya,Rift Valley,Turkana,Kakuma 4,Maize,Retail,15/01/2024,Weekly,80.000000,KG,KES,WFP,63.1944,1.5002,Alert,Aggregated,,,
Kenya,Rift Valley,Turkana,Kakuma 4,Maize,Retail,15/03/2024,Weekly,45.000000,KG,KES,WFP,56.0395,-0.9855,Normal,Aggregated,,,
Kenya,Rift Valley,Turkana,Kakuma 4,Maize,Retail,15/04/2024,Weekly,50.000000,KG,KES,WFP,49.8657,0.0120,Normal,Aggregated,,,
Kenya,Rift Valley,Turkana,Kakuma 4,Maize,Retail,15/05/2024,Weekly,53.333350,KG,KES,WFP,62.2961,-0.8001,Normal,Aggregated,,,
Kenya,Rift Valley,Turkana,Kakuma 4,Maize,Retail,15/06/2024,Weekly,50.000000,KG,KES,WFP,65.1549,-1.3528,Normal,Aggregated,,,
Kenya,Rift Valley,Turkana,Kakuma 4,Maize,Retail,15/07/2024,Weekly,52.500000,KG,KES,WFP,63.5543,-0.9868,Normal,Aggregated,,,
Kenya,Rift Valley,Turkana,Kakuma 4,Maize,Retail,15/08/2024,Weekly,46.666700,KG,KES,WFP,51.2574,-0.4098,Normal,Aggregated,,,
Kenya,Rift Valley,Turkana,Kakuma 4,Maize,Retail,15/09/2024,Weekly,47.500000,KG,KES,WFP,49.6664,-0.1934,Normal,Aggregated,,,
Kenya,Rift Valley,Turkana,Kakuma 4,Maize,Retail,15/10/2024,Weekly,50.000000,KG,KES,WFP,57.3227,-0.6537,Normal,Aggregated,,,
Kenya,Rift Valley,Turkana,Kakuma 4,Maize,Retail,15/11/2024,Weekly,55.000000,KG,KES,WFP,56.5773,-0.1408,Normal,Aggregated,,,
Kenya,Rift Valley,Turkana,Kakuma 4,Maize,Retail,15/12/2024,Weekly,50.000000,KG,KES,WFP,54.2822,-0.3823,Normal,Aggregated,,,
Kenya,Rift Valley,Turkana,Kakuma 4,Maize,Retail,15/01/2025,Weekly,48.333300,KG,KES,WFP,65.7498,-1.5547,Normal,Aggregated,,,
Kenya,Rift Valley,Turkana,Kakuma 4,Maize,Retail,15/02/2025,Weekly,50.000000,KG,KES,WFP,59.0570,-0.8085,Normal,Aggregated,,,
Kenya,Rift Valley,Turkana,Kakuma 4,Maize,Retail,15/03/2025,Weekly,62.500000,KG,KES,WFP,58.9295,0.3060,Stress,Aggregated,,,
Kenya,Rift Valley,Turkana,Kakuma 4,Maize,Retail,15/04/2025,Weekly,63.333300,KG,KES,WFP,56.8003,0.5635,Stress,Aggregated,,,
Kenya,Rift Valley,Turkana,Kakuma 4,Maize,Retail,15/05/2025,Weekly,67.500000,KG,KES,WFP,66.3604,0.0996,Normal,Aggregated,,,
Kenya,Rift Valley,Turkana,Kakuma 4,Maize,Retail,15/06/2025,Weekly,56.666700,KG,KES,WFP,65.3099,-0.7570,Normal,Aggregated,,,
Kenya,Rift Valley,Turkana,Kakuma 4,Maize,Retail,15/07/2025,Weekly,61.250000,KG,KES,WFP,64.9044,-0.3235,Normal,Aggregated,,,
Kenya,Rift Valley,Turkana,Kakuma 4,Maize,Retail,15/08/2025,Weekly,73.333300,KG,KES,WFP,67.0034,0.5641,Stress,Aggregated,,,
Kenya,Rift Valley,Turkana,Kakuma 4,Maize,Retail,15/10/2025,Weekly,65.000000,KG,KES,WFP,61.7987,0.2883,Stress,Aggregated,,,
Kenya,Rift Valley,Turkana,Kakuma 4,Maize,Retail,15/11/2025,Weekly,58.518543,KG,KES,WFP,59.5709,-0.0958,Normal,Aggregated,,,
Kenya,Rift Valley,Turkana,Kakuma 4,Maize,Retail,15/12/2025,Weekly,62.7043,KG,KES,WFP,59.5709,-0.0958,Normal,Forecast,78.2157,47.1930,"AR(1),I(0),MA(2)"
Kenya,Rift Valley,Turkana,Kakuma 4,Maize,Retail,15/01/2026,Weekly,61.9345,KG,KES,WFP,59.5709,-0.0958,Normal,Forecast,77.4458,46.4232,"AR(1),I(0),MA(2)"
Kenya,Rift Valley,Turkana,Kakuma 4,Maize,Retail,15/02/2026,Weekly,61.2590,KG,KES,WFP,59.5709,-0.0958,Normal,Forecast,76.7703,45.7477,"AR(1),I(0),MA(2)"
Kenya,Rift Valley,Turkana,Kakuma 4,Maize,Retail,15/03/2026,Weekly,60.6663,KG,KES,WFP,59.5709,-0.0958,Normal,Forecast,76.1776,45.1549,"AR(1),I(0),MA(2)"
Kenya,Rift Valley,Turkana,Kakuma 4,Maize,Retail,15/04/2026,Weekly,60.1462,KG,KES,WFP,59.5709,-0.0958,Normal,Forecast,75.6575,44.6348,"AR(1),I(0),MA(2)"
Kenya,Rift Valley,Turkana,Kakuma 4,Maize,Retail,15/05/2026,Weekly,59.6898,KG,KES,WFP,59.5709,-0.0958,Normal,Forecast,75.2011,44.1785,"AR(1),I(0),MA(2)"
Kenya,Coast,Mombasa,Kalahari (Mombasa),Maize,Retail,15/03/2021,Weekly,53.500001,KG,KES,WFP,,,,Aggregated,,,
Kenya,Coast,Mombasa,Kalahari (Mombasa),Maize,Retail,15/04/2021,Weekly,49.166649,KG,KES,WFP,,,,Aggregated,,,
Kenya,Coast,Mombasa,Kalahari (Mombasa),Maize,Retail,15/06/2021,Weekly,52.500000,KG,KES,WFP,,,,Aggregated,,,
Kenya,Coast,Mombasa,Kalahari (Mombasa),Maize,Retail,15/07/2021,Weekly,55.500000,KG,KES,WFP,,,,Aggregated,,,
Kenya,Coast,Mombasa,Kalahari (Mombasa),Maize,Retail,15/08/2021,Weekly,51.136363,KG,KES,WFP,,,,Aggregated,,,
Kenya,Coast,Mombasa,Kalahari (Mombasa),Maize,Retail,15/09/2021,Weekly,48.750000,KG,KES,WFP,,,,Aggregated,,,
Kenya,Coast,Mombasa,Kalahari (Mombasa),Maize,Retail,15/10/2021,Weekly,56.666600,KG,KES,WFP,,,,Aggregated,,,
Kenya,Coast,Mombasa,Kalahari (Mombasa),Maize,Retail,15/11/2021,Weekly,53.333300,KG,KES,WFP,,,,Aggregated,,,
Kenya,Rift Valley,Turkana,Kalobeyei (Village 1),Maize,Retail,15/01/2021,Weekly,47.500000,KG,KES,WFP,48.5635,-0.1028,Normal,Aggregated,,,
Kenya,Rift Valley,Turkana,Kalobeyei (Village 1),Maize,Retail,15/02/2021,Weekly,40.625000,KG,KES,WFP,45.9911,-0.5189,Normal,Aggregated,,,
Kenya,Rift Valley,Turkana,Kalobeyei (Village 1),Maize,Retail,15/03/2021,Weekly,40.931359,KG,KES,WFP,46.4876,-0.5373,Normal,Aggregated,,,
Kenya,Rift Valley,Turkana,Kalobeyei (Village 1),Maize,Retail,15/04/2021,Weekly,40.944433,KG,KES,WFP,40.7532,0.0185,Normal,Aggregated,,,
Kenya,Rift Valley,Turkana,Kalobeyei (Village 1),Maize,Retail,15/05/2021,Weekly,40.148133,KG,KES,WFP,51.1023,-1.0592,Normal,Aggregated,,,
Kenya,Rift Valley,Turkana,Kalobeyei (Village 1),Maize,Retail,15/06/2021,Weekly,43.970588,KG,KES,WFP,56.4876,-1.2103,Normal,Aggregated,,,
Kenya,Rift Valley,Turkana,Kalobeyei (Village 1),Maize,Retail,15/07/2021,Weekly,44.235296,KG,KES,WFP,52.7425,-0.8226,Normal,Aggregated,,,
Kenya,Rift Valley,Turkana,Kalobeyei (Village 1),Maize,Retail,15/08/2021,Weekly,40.659091,KG,KES,WFP,34.7772,0.5687,Stress,Aggregated,,,
Kenya,Rift Valley,Turkana,Kalobeyei (Village 1),Maize,Retail,15/09/2021,Weekly,42.916666,KG,KES,WFP,37.1560,0.5570,Stress,Aggregated,,,
Kenya,Rift Valley,Turkana,Kalobeyei (Village 1),Maize,Retail,15/10/2021,Weekly,42.500000,KG,KES,WFP,45.7752,-0.3167,Normal,Aggregated,,,
Kenya,Rift Valley,Turkana,Kalobeyei (Village 1),Maize,Retail,15/11/2021,Weekly,36.666600,KG,KES,WFP,45.4279,-0.8472,Normal,Aggregated,,,
Kenya,Rift Valley,Turkana,Kalobeyei (Village 1),Maize,Retail,15/12/2021,Weekly,47.500000,KG,KES,WFP,48.2474,-0.0723,Normal,Aggregated,,,
Kenya,Rift Valley,Turkana,Kalobeyei (Village 1),Maize,Retail,15/01/2022,Weekly,47.333333,KG,KES,WFP,52.2651,-0.4769,Normal,Aggregated,,,
Kenya,Rift Valley,Turkana,Kalobeyei (Village 1),Maize,Retail,15/02/2022,Weekly,46.346154,KG,KES,WFP,49.6927,-0.3236,Normal,Aggregated,,,
Kenya,Rift Valley,Turkana,Kalobeyei (Village 1),Maize,Retail,15/01/2023,Weekly,65.000000,KG,KES,WFP,55.9667,0.8735,Stress,Aggregated,,,
Kenya,Rift Valley,Turkana,Kalobeyei (Village 1),Maize,Retail,15/02/2023,Weekly,60.000000,KG,KES,WFP,53.3942,0.6387,Stress,Aggregated,,,
Kenya,Rift Valley,Turkana,Kalobeyei (Village 1),Maize,Retail,15/03/2023,Weekly,60.000000,KG,KES,WFP,53.8908,0.5907,Stress,Aggregated,,,
Kenya,Rift Valley,Turkana,Kalobeyei (Village 1),Maize,Retail,15/05/2023,Weekly,80.000000,KG,KES,WFP,58.5055,2.0784,Crisis,Aggregated,,,
Kenya,Rift Valley,Turkana,Kalobeyei (Village 1),Maize,Retail,15/06/2023,Weekly,84.000000,KG,KES,WFP,63.8907,1.9444,Alert,Aggregated,,,
Kenya,Rift Valley,Turkana,Kalobeyei (Village 1),Maize,Retail,15/07/2023,Weekly,80.937501,KG,KES,WFP,60.1456,2.1615,Crisis,Aggregated,,,
Kenya,Rift Valley,Turkana,Kalobeyei (Village 1),Maize,Retail,15/08/2023,Weekly,70.000000,KG,KES,WFP,51.5271,1.6863,Alert,Aggregated,,,
Kenya,Rift Valley,Turkana,Kalobeyei (Village 1),Maize,Retail,15/09/2023,Weekly,65.000000,KG,KES,WFP,51.4463,1.2373,Alert,Aggregated,,,
Kenya,Rift Valley,Turkana,Kalobeyei (Village 1),Maize,Retail,15/10/2023,Weekly,70.000000,KG,KES,WFP,53.1783,1.6265,Alert,Aggregated,,,
Kenya,Rift Valley,Turkana,Kalobeyei (Village 1),Maize,Retail,15/11/2023,Weekly,63.124998,KG,KES,WFP,52.8311,0.9954,Stress,Aggregated,,,
Kenya,Rift Valley,Turkana,Kalobeyei (Village 1),Maize,Retail,15/12/2023,Weekly,67.000002,KG,KES,WFP,55.6505,1.0974,Alert,Aggregated,,,
Kenya,Rift Valley,Turkana,Kalobeyei (Village 1),Maize,Retail,15/01/2024,Weekly,70.000000,KG,KES,WFP,76.8079,-1.5267,Normal,Aggregated,,,
Kenya,Rift Valley,Turkana,Kalobeyei (Village 1),Maize,Retail,15/02/2024,Weekly,70.000000,KG,KES,WFP,73.2075,-0.7225,Normal,Aggregated,,,
Kenya,Rift Valley,Turkana,Kalobeyei (Village 1),Maize,Retail,15/03/2024,Weekly,60.000000,KG,KES,WFP,69.5881,-1.9342,Normal,Aggregated,,,
Kenya,Rift Valley,Turkana,Kalobeyei (Village 1),Maize,Retail,15/04/2024,Weekly,51.666700,KG,KES,WFP,62.6337,-1.8934,Normal,Aggregated,,,
Kenya,Rift Valley,Turkana,Kalobeyei (Village 1),Maize,Retail,15/05/2024,Weekly,51.666650,KG,KES,WFP,70.3674,-2.5970,Normal,Aggregated,,,
Kenya,Rift Valley,Turkana,Kalobeyei (Village 1),Maize,Retail,15/06/2024,Weekly,60.000000,KG,KES,WFP,74.7155,-1.8732,Normal,Aggregated,,,
Kenya,Rift Valley,Turkana,Kalobeyei (Village 1),Maize,Retail,15/07/2024,Weekly,50.000000,KG,KES,WFP,69.1862,-2.1626,Normal,Aggregated,,,
Kenya,Rift Valley,Turkana,Kalobeyei (Village 1),Maize,Retail,15/08/2024,Weekly,40.000000,KG,KES,WFP,59.7923,-2.0227,Normal,Aggregated,,,
Kenya,Rift Valley,Turkana,Kalobeyei (Village 1),Maize,Retail,15/09/2024,Weekly,42.500000,KG,KES,WFP,58.7652,-1.5830,Normal,Aggregated,,,
Kenya,Rift Valley,Turkana,Kalobeyei (Village 1),Maize,Retail,15/10/2024,Weekly,43.333300,KG,KES,WFP,59.6723,-1.5244,Normal,Aggregated,,,
Kenya,Rift Valley,Turkana,Kalobeyei (Village 1),Maize,Retail,15/11/2024,Weekly,55.000000,KG,KES,WFP,59.1109,-0.3878,Normal,Aggregated,,,
Kenya,Rift Valley,Turkana,Kalobeyei (Village 1),Maize,Retail,15/12/2024,Weekly,48.750000,KG,KES,WFP,61.3082,-1.1653,Normal,Aggregated,,,
Kenya,Rift Valley,Turkana,Kalobeyei (Village 1),Maize,Retail,15/01/2025,Weekly,50.000000,KG,KES,WFP,64.9785,-1.3602,Normal,Aggregated,,,
Kenya,Rift Valley,Turkana,Kalobeyei (Village 1),Maize,Retail,15/02/2025,Weekly,50.000000,KG,KES,WFP,61.4733,-1.0356,Normal,Aggregated,,,
Kenya,Rift Valley,Turkana,Kalobeyei (Village 1),Maize,Retail,15/03/2025,Weekly,58.333300,KG,KES,WFP,61.6798,-0.3055,Normal,Aggregated,,,
Kenya,Rift Valley,Turkana,Kalobeyei (Village 1),Maize,Retail,15/05/2025,Weekly,63.333300,KG,KES,WFP,65.5240,-0.2024,Normal,Aggregated,,,
Kenya,Rift Valley,Turkana,Kalobeyei (Village 1),Maize,Retail,15/06/2025,Weekly,57.500000,KG,KES,WFP,67.5547,-0.9265,Normal,Aggregated,,,
Kenya,Rift Valley,Turkana,Kalobeyei (Village 1),Maize,Retail,15/07/2025,Weekly,60.000000,KG,KES,WFP,64.7348,-0.4401,Normal,Aggregated,,,
Kenya,Rift Valley,Turkana,Kalobeyei (Village 1),Maize,Retail,15/08/2025,Weekly,70.000000,KG,KES,WFP,61.5242,0.7891,Stress,Aggregated,,,
Kenya,Rift Valley,Turkana,Kalobeyei (Village 1),Maize,Retail,15/09/2025,Weekly,51.666700,KG,KES,WFP,56.6463,-0.4673,Normal,Aggregated,,,
Kenya,Rift Valley,Turkana,Kalobeyei (Village 1),Maize,Retail,15/10/2025,Weekly,52.857100,KG,KES,WFP,58.0644,-0.4924,Normal,Aggregated,,,
Kenya,Rift Valley,Turkana,Kalobeyei (Village 1),Maize,Retail,15/11/2025,Weekly,66.190469,KG,KES,WFP,61.3454,0.4617,Stress,Aggregated,,,
Kenya,Rift Valley,Turkana,Kalobeyei (Village 1),Maize,Retail,15/12/2025,Weekly,55.7325,KG,KES,WFP,61.3454,0.4617,Stress,Forecast,68.1067,43.3583,"AR(3),I(0),MA(1)"
Kenya,Rift Valley,Turkana,Kalobeyei (Village 1),Maize,Retail,15/01/2026,Weekly,54.3764,KG,KES,WFP,61.3454,0.4617,Stress,Forecast,66.7506,42.0022,"AR(3),I(0),MA(1)"
Kenya,Rift Valley,Turkana,Kalobeyei (Village 1),Maize,Retail,15/02/2026,Weekly,54.2536,KG,KES,WFP,61.3454,0.4617,Stress,Forecast,66.6278,41.8794,"AR(3),I(0),MA(1)"
Kenya,Rift Valley,Turkana,Kalobeyei (Village 1),Maize,Retail,15/03/2026,Weekly,54.7201,KG,KES,WFP,61.3454,0.4617,Stress,Forecast,67.0943,42.3459,"AR(3),I(0),MA(1)"
Kenya,Rift Valley,Turkana,Kalobeyei (Village 1),Maize,Retail,15/04/2026,Weekly,54.8392,KG,KES,WFP,61.3454,0.4617,Stress,Forecast,67.2134,42.4650,"AR(3),I(0),MA(1)"
Kenya,Rift Valley,Turkana,Kalobeyei (Village 1),Maize,Retail,15/05/2026,Weekly,54.7806,KG,KES,WFP,61.3454,0.4617,Stress,Forecast,67.1549,42.4064,"AR(3),I(0),MA(1)"
Kenya,Rift Valley,Turkana,Kalobeyei (Village 2),Maize,Retail,15/01/2021,Weekly,45.000000,KG,KES,WFP,46.2480,-0.0981,Normal,Aggregated,,,
Kenya,Rift Valley,Turkana,Kalobeyei (Village 2),Maize,Retail,15/02/2021,Weekly,47.083325,KG,KES,WFP,44.6620,0.1903,Normal,Aggregated,,,
Kenya,Rift Valley,Turkana,Kalobeyei (Village 2),Maize,Retail,15/03/2021,Weekly,37.708332,KG,KES,WFP,51.3311,-1.0707,Normal,Aggregated,,,
Kenya,Rift Valley,Turkana,Kalobeyei (Village 2),Maize,Retail,15/04/2021,Weekly,40.983333,KG,KES,WFP,48.4277,-0.5851,Normal,Aggregated,,,
Kenya,Rift Valley,Turkana,Kalobeyei (Village 2),Maize,Retail,15/05/2021,Weekly,39.333333,KG,KES,WFP,56.0956,-1.3174,Normal,Aggregated,,,
Kenya,Rift Valley,Turkana,Kalobeyei (Village 2),Maize,Retail,15/06/2021,Weekly,35.499997,KG,KES,WFP,45.6511,-0.7978,Normal,Aggregated,,,
Kenya,Rift Valley,Turkana,Kalobeyei (Village 2),Maize,Retail,15/07/2021,Weekly,43.823518,KG,KES,WFP,55.0923,-0.8857,Normal,Aggregated,,,
Kenya,Rift Valley,Turkana,Kalobeyei (Village 2),Maize,Retail,15/08/2021,Weekly,43.916654,KG,KES,WFP,39.8943,0.3161,Stress,Aggregated,,,
Kenya,Rift Valley,Turkana,Kalobeyei (Village 2),Maize,Retail,15/09/2021,Weekly,37.833333,KG,KES,WFP,39.3527,-0.1194,Normal,Aggregated,,,
Kenya,Rift Valley,Turkana,Kalobeyei (Village 2),Maize,Retail,15/10/2021,Weekly,35.333333,KG,KES,WFP,35.3333,0.0000,Normal,Aggregated,,,
Kenya,Rift Valley,Turkana,Kalobeyei (Village 2),Maize,Retail,15/11/2021,Weekly,47.500000,KG,KES,WFP,48.8936,-0.1095,Normal,Aggregated,,,
Kenya,Rift Valley,Turkana,Kalobeyei (Village 2),Maize,Retail,15/12/2021,Weekly,40.000000,KG,KES,WFP,43.9845,-0.3132,Normal,Aggregated,,,
Kenya,Rift Valley,Turkana,Kalobeyei (Village 2),Maize,Retail,15/01/2022,Weekly,50.000000,KG,KES,WFP,50.9574,-0.0752,Normal,Aggregated,,,
Kenya,Rift Valley,Turkana,Kalobeyei (Village 2),Maize,Retail,15/02/2022,Weekly,47.307691,KG,KES,WFP,49.3713,-0.1622,Normal,Aggregated,,,
Kenya,Rift Valley,Turkana,Kalobeyei (Village 2),Maize,Retail,15/01/2023,Weekly,73.333350,KG,KES,WFP,55.6667,1.3885,Alert,Aggregated,,,
Kenya,Rift Valley,Turkana,Kalobeyei (Village 2),Maize,Retail,15/02/2023,Weekly,67.222220,KG,KES,WFP,54.0806,1.0328,Alert,Aggregated,,,
Kenya,Rift Valley,Turkana,Kalobeyei (Village 2),Maize,Retail,15/03/2023,Weekly,75.000000,KG,KES,WFP,60.7498,1.1200,Alert,Aggregated,,,
Kenya,Rift Valley,Turkana,Kalobeyei (Village 2),Maize,Retail,15/05/2023,Weekly,92.500000,KG,KES,WFP,65.5142,2.1209,Crisis,Aggregated,,,
Kenya,Rift Valley,Turkana,Kalobeyei (Village 2),Maize,Retail,15/06/2023,Weekly,75.000000,KG,KES,WFP,55.0698,1.5664,Alert,Aggregated,,,
Kenya,Rift Valley,Turkana,Kalobeyei (Village 2),Maize,Retail,15/07/2023,Weekly,93.125001,KG,KES,WFP,64.5109,2.3962,Crisis,Aggregated,,,
Kenya,Rift Valley,Turkana,Kalobeyei (Village 2),Maize,Retail,15/08/2023,Weekly,80.000000,KG,KES,WFP,59.6394,1.5114,Alert,Aggregated,,,
Kenya,Rift Valley,Turkana,Kalobeyei (Village 2),Maize,Retail,15/09/2023,Weekly,76.666700,KG,KES,WFP,58.1672,1.3732,Alert,Aggregated,,,
Kenya,Rift Valley,Turkana,Kalobeyei (Village 2),Maize,Retail,15/11/2023,Weekly,72.727277,KG,KES,WFP,58.3122,1.1329,Alert,Aggregated,,,
Kenya,Rift Valley,Turkana,Kalobeyei (Village 2),Maize,Retail,15/12/2023,Weekly,60.000000,KG,KES,WFP,53.4031,0.5185,Stress,Aggregated,,,
Kenya,Rift Valley,Turkana,Kalobeyei (Village 2),Maize,Retail,15/01/2024,Weekly,66.666700,KG,KES,WFP,60.3760,0.4944,Stress,Aggregated,,,
Kenya,Rift Valley,Turkana,Kalobeyei (Village 2),Maize,Retail,15/03/2024,Weekly,75.000000,KG,KES,WFP,65.4591,0.7499,Stress,Aggregated,,,
Kenya,Rift Valley,Turkana,Kalobeyei (Village 2),Maize,Retail,15/04/2024,Weekly,70.000000,KG,KES,WFP,62.5556,0.5851,Stress,Aggregated,,,
Kenya,Rift Valley,Turkana,Kalobeyei (Village 2),Maize,Retail,15/05/2024,Weekly,60.000000,KG,KES,WFP,70.2235,-0.8035,Normal,Aggregated,,,
Kenya,Rift Valley,Turkana,Kalobeyei (Village 2),Maize,Retail,15/06/2024,Weekly,50.000000,KG,KES,WFP,59.7791,-0.7686,Normal,Aggregated,,,
Kenya,Rift Valley,Turkana,Kalobeyei (Village 2),Maize,Retail,15/07/2024,Weekly,50.000000,KG,KES,WFP,69.2203,-1.5106,Normal,Aggregated,,,
Kenya,Rift Valley,Turkana,Kalobeyei (Village 2),Maize,Retail,15/08/2024,Weekly,50.000000,KG,KES,WFP,54.0223,-0.3161,Normal,Aggregated,,,
Kenya,Rift Valley,Turkana,Kalobeyei (Village 2),Maize,Retail,15/09/2024,Weekly,55.000000,KG,KES,WFP,53.4806,0.1194,Normal,Aggregated,,,
Kenya,Rift Valley,Turkana,Kalobeyei (Village 2),Maize,Retail,15/11/2024,Weekly,50.000000,KG,KES,WFP,63.0215,-1.0234,Normal,Aggregated,,,
Kenya,Rift Valley,Turkana,Kalobeyei (Village 2),Maize,Retail,15/12/2024,Weekly,55.500000,KG,KES,WFP,58.1124,-0.2053,Normal,Aggregated,,,
Kenya,Rift Valley,Turkana,Kalobeyei (Village 2),Maize,Retail,15/01/2025,Weekly,43.333300,KG,KES,WFP,65.0853,-1.7096,Normal,Aggregated,,,
Kenya,Rift Valley,Turkana,Kalobeyei (Village 2),Maize,Retail,15/02/2025,Weekly,50.000000,KG,KES,WFP,63.4993,-1.0610,Normal,Aggregated,,,
Kenya,Rift Valley,Turkana,Kalobeyei (Village 2),Maize,Retail,15/03/2025,Weekly,60.000000,KG,KES,WFP,70.6799,-0.7928,Normal,Aggregated,,,
Kenya,Rift Valley,Turkana,Kalobeyei (Village 2),Maize,Retail,15/05/2025,Weekly,60.000000,KG,KES,WFP,71.0156,-0.8183,Normal,Aggregated,,,
Kenya,Rift Valley,Turkana,Kalobeyei (Village 2),Maize,Retail,15/06/2025,Weekly,60.000000,KG,KES,WFP,63.0039,-0.2259,Normal,Aggregated,,,
Kenya,Rift Valley,Turkana,Kalobeyei (Village 2),Maize,Retail,15/07/2025,Weekly,57.500000,KG,KES,WFP,68.3810,-0.8189,Normal,Aggregated,,,
Kenya,Rift Valley,Turkana,Kalobeyei (Village 2),Maize,Retail,15/08/2025,Weekly,70.000000,KG,KES,WFP,68.3363,0.1268,Normal,Aggregated,,,
Kenya,Rift Valley,Turkana,Kalobeyei (Village 2),Maize,Retail,15/09/2025,Weekly,56.666700,KG,KES,WFP,63.5518,-0.5286,Normal,Aggregated,,,
Kenya,Rift Valley,Turkana,Kalobeyei (Village 2),Maize,Retail,15/11/2025,Weekly,65.000000,KG,KES,WFP,65.7795,-0.0606,Normal,Aggregated,,,
Kenya,Rift Valley,Turkana,Kalobeyei (Village 2),Maize,Retail,15/12/2025,Weekly,58.9304,KG,KES,WFP,65.7795,-0.0606,Normal,Forecast,70.6351,47.2257,"AR(2),I(1),MA(1)"
Kenya,Rift Valley,Turkana,Kalobeyei (Village 2),Maize,Retail,15/01/2026,Weekly,57.6973,KG,KES,WFP,65.7795,-0.0606,Normal,Forecast,69.4020,45.9926,"AR(2),I(1),MA(1)"
Kenya,Rift Valley,Turkana,Kalobeyei (Village 2),Maize,Retail,15/02/2026,Weekly,57.1544,KG,KES,WFP,65.7795,-0.0606,Normal,Forecast,68.8591,45.4497,"AR(2),I(1),MA(1)"
Kenya,Rift Valley,Turkana,Kalobeyei (Village 2),Maize,Retail,15/03/2026,Weekly,56.3111,KG,KES,WFP,65.7795,-0.0606,Normal,Forecast,68.0158,44.6064,"AR(2),I(1),MA(1)"
Kenya,Rift Valley,Turkana,Kalobeyei (Village 2),Maize,Retail,15/04/2026,Weekly,55.5985,KG,KES,WFP,65.7795,-0.0606,Normal,Forecast,67.3032,43.8938,"AR(2),I(1),MA(1)"
Kenya,Rift Valley,Turkana,Kalobeyei (Village 2),Maize,Retail,15/05/2026,Weekly,54.8290,KG,KES,WFP,65.7795,-0.0606,Normal,Forecast,66.5337,43.1243,"AR(2),I(1),MA(1)"
Kenya,Rift Valley,Turkana,Kalobeyei (Village 3),Maize,Retail,15/01/2021,Weekly,45.000000,KG,KES,WFP,,,,Aggregated,,,
Kenya,Rift Valley,Turkana,Kalobeyei (Village 3),Maize,Retail,15/02/2021,Weekly,37.500000,KG,KES,WFP,,,,Aggregated,,,
Kenya,Rift Valley,Turkana,Kalobeyei (Village 3),Maize,Retail,15/03/2021,Weekly,46.176471,KG,KES,WFP,,,,Aggregated,,,
Kenya,Rift Valley,Turkana,Kalobeyei (Village 3),Maize,Retail,15/04/2021,Weekly,41.166667,KG,KES,WFP,,,,Aggregated,,,
Kenya,Rift Valley,Turkana,Kalobeyei (Village 3),Maize,Retail,15/05/2021,Weekly,40.000000,KG,KES,WFP,,,,Aggregated,,,
Kenya,Rift Valley,Turkana,Kalobeyei (Village 3),Maize,Retail,15/06/2021,Weekly,50.000000,KG,KES,WFP,,,,Aggregated,,,
Kenya,Rift Valley,Turkana,Kalobeyei (Village 3),Maize,Retail,15/07/2021,Weekly,50.000000,KG,KES,WFP,,,,Aggregated,,,
Kenya,Rift Valley,Turkana,Kalobeyei (Village 3),Maize,Retail,15/08/2021,Weekly,47.500000,KG,KES,WFP,,,,Aggregated,,,
Kenya,Rift Valley,Turkana,Kalobeyei (Village 3),Maize,Retail,15/09/2021,Weekly,45.000000,KG,KES,WFP,,,,Aggregated,,,
Kenya,Rift Valley,Turkana,Kalobeyei (Village 3),Maize,Retail,15/11/2021,Weekly,45.000000,KG,KES,WFP,,,,Aggregated,,,
Kenya,Rift Valley,Turkana,Kalobeyei (Village 3),Maize,Retail,15/01/2022,Weekly,47.166666,KG,KES,WFP,,,,Aggregated,,,
Kenya,Rift Valley,Turkana,Kalobeyei (Village 3),Maize,Retail,15/02/2022,Weekly,36.846151,KG,KES,WFP,,,,Aggregated,,,
Kenya,Rift Valley,Turkana,Kalobeyei (Village 3),Maize,Retail,15/01/2023,Weekly,77.500000,KG,KES,WFP,,,,Aggregated,,,
Kenya,Rift Valley,Turkana,Kalobeyei (Village 3),Maize,Retail,15/02/2023,Weekly,69.444440,KG,KES,WFP,,,,Aggregated,,,
Kenya,Rift Valley,Turkana,Kalobeyei (Village 3),Maize,Retail,15/03/2023,Weekly,85.000000,KG,KES,WFP,,,,Aggregated,,,
Kenya,Rift Valley,Turkana,Kalobeyei (Village 3),Maize,Retail,15/05/2023,Weekly,90.000000,KG,KES,WFP,,,,Aggregated,,,
Kenya,Rift Valley,Turkana,Kalobeyei (Village 3),Maize,Retail,15/07/2023,Weekly,80.000000,KG,KES,WFP,,,,Aggregated,,,
Kenya,Rift Valley,Turkana,Kalobeyei (Village 3),Maize,Retail,15/11/2023,Weekly,65.000000,KG,KES,WFP,,,,Aggregated,,,
Kenya,Rift Valley,Turkana,Kalobeyei (Village 3),Maize,Retail,15/04/2024,Weekly,60.000000,KG,KES,WFP,,,,Aggregated,,,
Kenya,Rift Valley,Turkana,Kalobeyei (Village 3),Maize,Retail,15/06/2024,Weekly,50.000000,KG,KES,WFP,,,,Aggregated,,,
Kenya,Rift Valley,Turkana,Kalobeyei (Village 3),Maize,Retail,15/07/2024,Weekly,50.000000,KG,KES,WFP,,,,Aggregated,,,
Kenya,Rift Valley,Turkana,Kalobeyei (Village 3),Maize,Retail,15/08/2024,Weekly,40.000000,KG,KES,WFP,,,,Aggregated,,,
Kenya,Rift Valley,Turkana,Kalobeyei (Village 3),Maize,Retail,15/09/2024,Weekly,40.000000,KG,KES,WFP,,,,Aggregated,,,
Kenya,Rift Valley,Turkana,Kalobeyei (Village 3),Maize,Retail,15/10/2024,Weekly,55.000000,KG,KES,WFP,,,,Aggregated,,,
Kenya,Rift Valley,Turkana,Kalobeyei (Village 3),Maize,Retail,15/12/2024,Weekly,61.666700,KG,KES,WFP,,,,Aggregated,,,
Kenya,Rift Valley,Turkana,Kalobeyei (Village 3),Maize,Retail,15/01/2025,Weekly,55.000000,KG,KES,WFP,,,,Aggregated,,,
Kenya,Rift Valley,Turkana,Kalobeyei (Village 3),Maize,Retail,15/02/2025,Weekly,50.000000,KG,KES,WFP,,,,Aggregated,,,
Kenya,Rift Valley,Turkana,Kalobeyei (Village 3),Maize,Retail,15/03/2025,Weekly,60.000000,KG,KES,WFP,,,,Aggregated,,,
Kenya,Rift Valley,Turkana,Kalobeyei (Village 3),Maize,Retail,15/05/2025,Weekly,62.500000,KG,KES,WFP,,,,Aggregated,,,
Kenya,Rift Valley,Turkana,Kalobeyei (Village 3),Maize,Retail,15/06/2025,Weekly,60.000000,KG,KES,WFP,,,,Aggregated,,,
Kenya,Rift Valley,Turkana,Kalobeyei (Village 3),Maize,Retail,15/07/2025,Weekly,60.000000,KG,KES,WFP,,,,Aggregated,,,
Kenya,Rift Valley,Turkana,Kalobeyei (Village 3),Maize,Retail,15/08/2025,Weekly,66.666700,KG,KES,WFP,,,,Aggregated,,,
Kenya,Rift Valley,Turkana,Kalobeyei (Village 3),Maize,Retail,15/09/2025,Weekly,60.000000,KG,KES,WFP,,,,Aggregated,,,
Kenya,Rift Valley,Turkana,Kalobeyei (Village 3),Maize,Retail,15/11/2025,Weekly,60.000000,KG,KES,WFP,,,,Aggregated,,,
Kenya,Rift Valley,Turkana,Kalobeyei (Village 3),Maize,Retail,15/12/2025,Weekly,60.7813,KG,KES,WFP,,,,Forecast,73.0471,48.5155,"AR(1),I(0),MA(3)"
Kenya,Rift Valley,Turkana,Kalobeyei (Village 3),Maize,Retail,15/01/2026,Weekly,60.2466,KG,KES,WFP,,,,Forecast,72.5124,47.9808,"AR(1),I(0),MA(3)"
Kenya,Rift Valley,Turkana,Kalobeyei (Village 3),Maize,Retail,15/02/2026,Weekly,59.7696,KG,KES,WFP,,,,Forecast,72.0354,47.5038,"AR(1),I(0),MA(3)"
Kenya,Rift Valley,Turkana,Kalobeyei (Village 3),Maize,Retail,15/03/2026,Weekly,59.3439,KG,KES,WFP,,,,Forecast,71.6097,47.0781,"AR(1),I(0),MA(3)"
Kenya,Rift Valley,Turkana,Kalobeyei (Village 3),Maize,Retail,15/04/2026,Weekly,58.9642,KG,KES,WFP,,,,Forecast,71.2300,46.6984,"AR(1),I(0),MA(3)"
Kenya,Rift Valley,Turkana,Kalobeyei (Village 3),Maize,Retail,15/05/2026,Weekly,58.6254,KG,KES,WFP,,,,Forecast,70.8912,46.3595,"AR(1),I(0),MA(3)"
Kenya,Nairobi,Nairobi,Kangemi (Nairobi),Maize,Retail,15/01/2021,Weekly,45.000000,KG,KES,WFP,,,,Aggregated,,,
Kenya,Nairobi,Nairobi,Kangemi (Nairobi),Maize,Retail,15/02/2021,Weekly,50.357100,KG,KES,WFP,,,,Aggregated,,,
Kenya,Nairobi,Nairobi,Kangemi (Nairobi),Maize,Retail,15/03/2021,Weekly,50.000000,KG,KES,WFP,,,,Aggregated,,,
Kenya,Nairobi,Nairobi,Kangemi (Nairobi),Maize,Retail,15/04/2021,Weekly,50.000000,KG,KES,WFP,,,,Aggregated,,,
Kenya,Nairobi,Nairobi,Kangemi (Nairobi),Maize,Retail,15/05/2021,Weekly,50.000000,KG,KES,WFP,,,,Aggregated,,,
Kenya,Nairobi,Nairobi,Kangemi (Nairobi),Maize,Retail,15/06/2021,Weekly,47.576921,KG,KES,WFP,,,,Aggregated,,,
Kenya,Nairobi,Nairobi,Kangemi (Nairobi),Maize,Retail,15/07/2021,Weekly,50.000000,KG,KES,WFP,,,,Aggregated,,,
Kenya,Nairobi,Nairobi,Kangemi (Nairobi),Maize,Retail,15/08/2021,Weekly,50.000000,KG,KES,WFP,,,,Aggregated,,,
Kenya,Nairobi,Nairobi,Kangemi (Nairobi),Maize,Retail,15/09/2021,Weekly,48.846100,KG,KES,WFP,,,,Aggregated,,,
Kenya,Nairobi,Nairobi,Kangemi (Nairobi),Maize,Retail,15/10/2021,Weekly,50.000000,KG,KES,WFP,,,,Aggregated,,,
Kenya,Nairobi,Nairobi,Kangemi (Nairobi),Maize,Retail,15/11/2021,Weekly,50.000000,KG,KES,WFP,,,,Aggregated,,,
Kenya,Nairobi,Nairobi,Kangemi (Nairobi),Maize,Retail,15/12/2021,Weekly,50.000000,KG,KES,WFP,,,,Aggregated,,,
Kenya,Nairobi,Nairobi,Kangemi (Nairobi),Maize,Retail,15/01/2022,Weekly,50.000000,KG,KES,WFP,,,,Aggregated,,,
Kenya,Nairobi,Nairobi,Kawangware (Nairobi),Maize,Retail,15/02/2021,Weekly,49.333333,KG,KES,WFP,,,,Aggregated,,,
Kenya,Nairobi,Nairobi,Kawangware (Nairobi),Maize,Retail,15/03/2021,Weekly,48.178723,KG,KES,WFP,,,,Aggregated,,,
Kenya,Nairobi,Nairobi,Kawangware (Nairobi),Maize,Retail,15/04/2021,Weekly,50.000000,KG,KES,WFP,,,,Aggregated,,,
Kenya,Nairobi,Nairobi,Kawangware (Nairobi),Maize,Retail,15/05/2021,Weekly,49.545446,KG,KES,WFP,,,,Aggregated,,,
Kenya,Nairobi,Nairobi,Kawangware (Nairobi),Maize,Retail,15/06/2021,Weekly,48.294445,KG,KES,WFP,,,,Aggregated,,,
Kenya,Nairobi,Nairobi,Kawangware (Nairobi),Maize,Retail,15/07/2021,Weekly,48.750000,KG,KES,WFP,,,,Aggregated,,,
Kenya,Nairobi,Nairobi,Kawangware (Nairobi),Maize,Retail,15/08/2021,Weekly,48.562499,KG,KES,WFP,,,,Aggregated,,,
Kenya,Nairobi,Nairobi,Kawangware (Nairobi),Maize,Retail,15/09/2021,Weekly,48.298590,KG,KES,WFP,,,,Aggregated,,,
Kenya,Nairobi,Nairobi,Kawangware (Nairobi),Maize,Retail,15/10/2021,Weekly,50.000000,KG,KES,WFP,,,,Aggregated,,,
Kenya,Nairobi,Nairobi,Kawangware (Nairobi),Maize,Retail,15/11/2021,Weekly,50.000000,KG,KES,WFP,,,,Aggregated,,,
Kenya,Nairobi,Nairobi,Kawangware (Nairobi),Maize,Retail,15/12/2021,Weekly,50.000000,KG,KES,WFP,,,,Aggregated,,,
Kenya,Nairobi,Nairobi,Kawangware (Nairobi),Maize,Retail,15/01/2022,Weekly,50.000000,KG,KES,WFP,,,,Aggregated,,,
Kenya,Nairobi,Nairobi,Kibra (Nairobi),Maize,Retail,15/01/2021,Weekly,47.500000,KG,KES,WFP,,,,Aggregated,,,
Kenya,Nairobi,Nairobi,Kibra (Nairobi),Maize,Retail,15/02/2021,Weekly,49.166666,KG,KES,WFP,,,,Aggregated,,,
Kenya,Nairobi,Nairobi,Kibra (Nairobi),Maize,Retail,15/03/2021,Weekly,50.000000,KG,KES,WFP,,,,Aggregated,,,
Kenya,Nairobi,Nairobi,Kibra (Nairobi),Maize,Retail,15/04/2021,Weekly,50.000000,KG,KES,WFP,,,,Aggregated,,,
Kenya,Nairobi,Nairobi,Kibra (Nairobi),Maize,Retail,15/05/2021,Weekly,50.000000,KG,KES,WFP,,,,Aggregated,,,
Kenya,Nairobi,Nairobi,Kibra (Nairobi),Maize,Retail,15/06/2021,Weekly,50.000000,KG,KES,WFP,,,,Aggregated,,,
Kenya,Nairobi,Nairobi,Kibra (Nairobi),Maize,Retail,15/07/2021,Weekly,45.000000,KG,KES,WFP,,,,Aggregated,,,
Kenya,Nairobi,Nairobi,Kibra (Nairobi),Maize,Retail,15/08/2021,Weekly,49.375000,KG,KES,WFP,,,,Aggregated,,,
Kenya,Nairobi,Nairobi,Kibra (Nairobi),Maize,Retail,15/09/2021,Weekly,50.000000,KG,KES,WFP,,,,Aggregated,,,
Kenya,Nairobi,Nairobi,Kibra (Nairobi),Maize,Retail,15/10/2021,Weekly,45.000000,KG,KES,WFP,,,,Aggregated,,,
Kenya,Nairobi,Nairobi,Kibra (Nairobi),Maize,Retail,15/11/2021,Weekly,50.000000,KG,KES,WFP,,,,Aggregated,,,
Kenya,Nairobi,Nairobi,Kibra (Nairobi),Maize,Retail,15/12/2021,Weekly,50.000000,KG,KES,WFP,,,,Aggregated,,,
Kenya,Nairobi,Nairobi,Kibra (Nairobi),Maize,Retail,15/01/2022,Weekly,45.000000,KG,KES,WFP,,,,Aggregated,,,
Kenya,Coast,Mombasa,Kisumu Ndogo (Mombasa),Maize,Retail,15/04/2021,Weekly,45.000000,KG,KES,WFP,,,,Aggregated,,,
Kenya,Coast,Mombasa,Kisumu Ndogo (Mombasa),Maize,Retail,15/08/2021,Weekly,60.000000,KG,KES,WFP,,,,Aggregated,,,
Kenya,Coast,Mombasa,Kisumu Ndogo (Mombasa),Maize,Retail,15/09/2021,Weekly,60.000000,KG,KES,WFP,,,,Aggregated,,,
Kenya,Coast,Mombasa,Kisumu Ndogo (Mombasa),Maize,Retail,15/10/2021,Weekly,60.000000,KG,KES,WFP,,,,Aggregated,,,
Kenya,Coast,Mombasa,Kisumu Ndogo (Mombasa),Maize,Retail,15/11/2021,Weekly,60.000000,KG,KES,WFP,,,,Aggregated,,,
Kenya,Rift Valley,Turkana,Lodwar town,Maize,Retail,15/02/2021,Weekly,50.000000,KG,KES,WFP,,,,Aggregated,,,
Kenya,Rift Valley,Turkana,Lodwar town,Maize,Retail,15/03/2021,Weekly,70.000000,KG,KES,WFP,,,,Aggregated,,,
Kenya,Rift Valley,Turkana,Lodwar town,Maize,Retail,15/04/2021,Weekly,50.000000,KG,KES,WFP,,,,Aggregated,,,
Kenya,Rift Valley,Turkana,Lodwar town,Maize,Retail,15/05/2021,Weekly,42.500000,KG,KES,WFP,,,,Aggregated,,,
Kenya,Rift Valley,Turkana,Lodwar town,Maize,Retail,15/07/2021,Weekly,47.500000,KG,KES,WFP,,,,Aggregated,,,
Kenya,Rift Valley,Turkana,Lodwar town,Maize,Retail,15/08/2021,Weekly,50.000000,KG,KES,WFP,,,,Aggregated,,,
Kenya,Rift Valley,Turkana,Lodwar town,Maize,Retail,15/09/2021,Weekly,45.104135,KG,KES,WFP,,,,Aggregated,,,
Kenya,Rift Valley,Turkana,Lodwar town,Maize,Retail,15/10/2021,Weekly,45.000000,KG,KES,WFP,,,,Aggregated,,,
Kenya,Rift Valley,Turkana,Lodwar town,Maize,Retail,15/11/2021,Weekly,45.000000,KG,KES,WFP,,,,Aggregated,,,
Kenya,Rift Valley,Baringo,Marigat town (Baringo),Maize,Retail,15/04/2021,Weekly,30.000000,KG,KES,WFP,,,,Aggregated,,,
Kenya,Rift Valley,Baringo,Marigat town (Baringo),Maize,Retail,15/05/2021,Weekly,35.000000,KG,KES,WFP,,,,Aggregated,,,
Kenya,Rift Valley,Baringo,Marigat town (Baringo),Maize,Retail,15/06/2021,Weekly,35.000000,KG,KES,WFP,,,,Aggregated,,,
Kenya,Rift Valley,Baringo,Marigat town (Baringo),Maize,Retail,15/07/2021,Weekly,35.000000,KG,KES,WFP,,,,Aggregated,,,
Kenya,Rift Valley,Baringo,Marigat town (Baringo),Maize,Retail,15/08/2021,Weekly,35.000000,KG,KES,WFP,,,,Aggregated,,,
Kenya,Rift Valley,Baringo,Marigat town (Baringo),Maize,Retail,15/02/2022,Weekly,40.000000,KG,KES,WFP,,,,Aggregated,,,
Kenya,Eastern,Marsabit,Marsabit town,Maize,Retail,15/06/2021,Weekly,40.000000,KG,KES,WFP,,,,Aggregated,,,
Kenya,Eastern,Marsabit,Marsabit town,Maize,Retail,15/07/2021,Weekly,40.000000,KG,KES,WFP,,,,Aggregated,,,
Kenya,Nairobi,Nairobi,Mathare (Nairobi),Maize,Retail,15/02/2021,Weekly,44.166633,KG,KES,WFP,,,,Aggregated,,,
Kenya,Nairobi,Nairobi,Mathare (Nairobi),Maize,Retail,15/03/2021,Weekly,45.024483,KG,KES,WFP,,,,Aggregated,,,
Kenya,Nairobi,Nairobi,Mathare (Nairobi),Maize,Retail,15/04/2021,Weekly,44.696928,KG,KES,WFP,,,,Aggregated,,,
Kenya,Nairobi,Nairobi,Mathare (Nairobi),Maize,Retail,15/05/2021,Weekly,50.777746,KG,KES,WFP,,,,Aggregated,,,
Kenya,Nairobi,Nairobi,Mathare (Nairobi),Maize,Retail,15/06/2021,Weekly,50.000000,KG,KES,WFP,,,,Aggregated,,,
Kenya,Nairobi,Nairobi,Mathare (Nairobi),Maize,Retail,15/07/2021,Weekly,50.000000,KG,KES,WFP,,,,Aggregated,,,
Kenya,Nairobi,Nairobi,Mathare (Nairobi),Maize,Retail,15/08/2021,Weekly,47.812499,KG,KES,WFP,,,,Aggregated,,,
Kenya,Nairobi,Nairobi,Mathare (Nairobi),Maize,Retail,15/09/2021,Weekly,51.666600,KG,KES,WFP,,,,Aggregated,,,
Kenya,Nairobi,Nairobi,Mathare (Nairobi),Maize,Retail,15/10/2021,Weekly,45.000000,KG,KES,WFP,,,,Aggregated,,,
Kenya,Nairobi,Nairobi,Mathare (Nairobi),Maize,Retail,15/11/2021,Weekly,53.333300,KG,KES,WFP,,,,Aggregated,,,
Kenya,Nairobi,Nairobi,Mathare (Nairobi),Maize,Retail,15/12/2021,Weekly,55.000000,KG,KES,WFP,,,,Aggregated,,,
Kenya,Nairobi,Nairobi,Mathare (Nairobi),Maize,Retail,15/01/2022,Weekly,60.000000,KG,KES,WFP,,,,Aggregated,,,
Kenya,Rift Valley,Turkana,Mogadishu (Kakuma),Maize,Retail,15/02/2021,Weekly,45.000000,KG,KES,WFP,44.1066,0.0854,Normal,Aggregated,,,
Kenya,Rift Valley,Turkana,Mogadishu (Kakuma),Maize,Retail,15/03/2021,Weekly,41.666666,KG,KES,WFP,52.3048,-1.0175,Normal,Aggregated,,,
Kenya,Rift Valley,Turkana,Mogadishu (Kakuma),Maize,Retail,15/04/2021,Weekly,48.076924,KG,KES,WFP,50.9656,-0.2763,Normal,Aggregated,,,
Kenya,Rift Valley,Turkana,Mogadishu (Kakuma),Maize,Retail,15/05/2021,Weekly,40.000000,KG,KES,WFP,47.4399,-0.7116,Normal,Aggregated,,,
Kenya,Rift Valley,Turkana,Mogadishu (Kakuma),Maize,Retail,15/06/2021,Weekly,41.764704,KG,KES,WFP,52.3463,-1.0120,Normal,Aggregated,,,
Kenya,Rift Valley,Turkana,Mogadishu (Kakuma),Maize,Retail,15/07/2021,Weekly,56.363638,KG,KES,WFP,61.2278,-0.4652,Normal,Aggregated,,,
Kenya,Rift Valley,Turkana,Mogadishu (Kakuma),Maize,Retail,15/08/2021,Weekly,47.500000,KG,KES,WFP,47.5000,0.0000,Normal,Aggregated,,,
Kenya,Rift Valley,Turkana,Mogadishu (Kakuma),Maize,Retail,15/09/2021,Weekly,45.000000,KG,KES,WFP,43.9640,0.0991,Normal,Aggregated,,,
Kenya,Rift Valley,Turkana,Mogadishu (Kakuma),Maize,Retail,15/12/2021,Weekly,25.000000,KG,KES,WFP,32.4399,-0.7116,Normal,Aggregated,,,
Kenya,Rift Valley,Turkana,Mogadishu (Kakuma),Maize,Retail,15/01/2022,Weekly,50.000000,KG,KES,WFP,52.0195,-0.1932,Normal,Aggregated,,,
Kenya,Rift Valley,Turkana,Mogadishu (Kakuma),Maize,Retail,15/02/2022,Weekly,60.000000,KG,KES,WFP,52.6426,0.7037,Stress,Aggregated,,,
Kenya,Rift Valley,Turkana,Mogadishu (Kakuma),Maize,Retail,15/01/2023,Weekly,66.666650,KG,KES,WFP,60.5555,0.5845,Stress,Aggregated,,,
Kenya,Rift Valley,Turkana,Mogadishu (Kakuma),Maize,Retail,15/04/2023,Weekly,87.500000,KG,KES,WFP,68.0377,1.8614,Alert,Aggregated,,,
Kenya,Rift Valley,Turkana,Mogadishu (Kakuma),Maize,Retail,15/05/2023,Weekly,80.000000,KG,KES,WFP,64.5120,1.4813,Alert,Aggregated,,,
Kenya,Rift Valley,Turkana,Mogadishu (Kakuma),Maize,Retail,15/06/2023,Weekly,80.000000,KG,KES,WFP,69.4184,1.0120,Alert,Aggregated,,,
Kenya,Rift Valley,Turkana,Mogadishu (Kakuma),Maize,Retail,15/07/2023,Weekly,90.000000,KG,KES,WFP,78.2999,1.1190,Alert,Aggregated,,,
Kenya,Rift Valley,Turkana,Mogadishu (Kakuma),Maize,Retail,15/09/2023,Weekly,60.000000,KG,KES,WFP,61.0360,-0.0991,Normal,Aggregated,,,
Kenya,Rift Valley,Turkana,Mogadishu (Kakuma),Maize,Retail,15/10/2023,Weekly,90.000000,KG,KES,WFP,70.7320,1.8428,Alert,Aggregated,,,
Kenya,Rift Valley,Turkana,Mogadishu (Kakuma),Maize,Retail,15/11/2023,Weekly,78.125000,KG,KES,WFP,64.7945,1.2750,Alert,Aggregated,,,
Kenya,Rift Valley,Turkana,Mogadishu (Kakuma),Maize,Retail,15/12/2023,Weekly,60.000000,KG,KES,WFP,49.5120,1.0031,Alert,Aggregated,,,
Kenya,Rift Valley,Turkana,Mogadishu (Kakuma),Maize,Retail,15/01/2024,Weekly,65.000000,KG,KES,WFP,69.0916,-0.3913,Normal,Aggregated,,,
Kenya,Rift Valley,Turkana,Mogadishu (Kakuma),Maize,Retail,15/03/2024,Weekly,90.000000,KG,KES,WFP,77.9129,1.1560,Alert,Aggregated,,,
Kenya,Rift Valley,Turkana,Mogadishu (Kakuma),Maize,Retail,15/04/2024,Weekly,60.000000,KG,KES,WFP,76.5737,-1.5851,Normal,Aggregated,,,
Kenya,Rift Valley,Turkana,Mogadishu (Kakuma),Maize,Retail,15/05/2024,Weekly,65.000000,KG,KES,WFP,73.0480,-0.7697,Normal,Aggregated,,,
Kenya,Rift Valley,Turkana,Mogadishu (Kakuma),Maize,Retail,15/07/2024,Weekly,80.000000,KG,KES,WFP,86.8359,-0.6538,Normal,Aggregated,,,
Kenya,Rift Valley,Turkana,Mogadishu (Kakuma),Maize,Retail,15/10/2024,Weekly,60.000000,KG,KES,WFP,79.2680,-1.8428,Normal,Aggregated,,,
Kenya,Rift Valley,Turkana,Mogadishu (Kakuma),Maize,Retail,15/11/2024,Weekly,60.000000,KG,KES,WFP,73.3305,-1.2750,Normal,Aggregated,,,
Kenya,Rift Valley,Turkana,Mogadishu (Kakuma),Maize,Retail,15/12/2024,Weekly,55.000000,KG,KES,WFP,58.0480,-0.2915,Normal,Aggregated,,,
Kenya,Rift Valley,Turkana,Mogadishu (Kakuma),Maize,Retail,15/02/2025,Weekly,70.000000,KG,KES,WFP,78.2508,-0.7891,Normal,Aggregated,,,
Kenya,Rift Valley,Turkana,Mogadishu (Kakuma),Maize,Retail,15/03/2025,Weekly,85.000000,KG,KES,WFP,86.4490,-0.1386,Normal,Aggregated,,,
Kenya,Rift Valley,Turkana,Mogadishu (Kakuma),Maize,Retail,15/08/2025,Weekly,80.000000,KG,KES,WFP,,,,Aggregated,,,
Kenya,Rift Valley,Turkana,Mogadishu (Kakuma),Maize,Retail,15/09/2025,Weekly,60.000000,KG,KES,WFP,,,,Aggregated,,,
Kenya,Rift Valley,Turkana,Mogadishu (Kakuma),Maize,Retail,15/10/2025,Weekly,60.000000,KG,KES,WFP,,,,Aggregated,,,
Kenya,Rift Valley,Turkana,Mogadishu (Kakuma),Maize,Retail,15/11/2025,Weekly,62.592567,KG,KES,WFP,,,,Aggregated,,,
Kenya,Rift Valley,Turkana,Mogadishu (Kakuma),Maize,Retail,15/12/2025,Weekly,69.5822,KG,KES,WFP,,,,Forecast,88.2403,50.9241,"AR(3),I(0),MA(2)"
Kenya,Rift Valley,Turkana,Mogadishu (Kakuma),Maize,Retail,15/01/2026,Weekly,62.2980,KG,KES,WFP,,,,Forecast,80.9561,43.6399,"AR(3),I(0),MA(2)"
Kenya,Rift Valley,Turkana,Mogadishu (Kakuma),Maize,Retail,15/02/2026,Weekly,64.2291,KG,KES,WFP,,,,Forecast,82.8871,45.5710,"AR(3),I(0),MA(2)"
Kenya,Rift Valley,Turkana,Mogadishu (Kakuma),Maize,Retail,15/03/2026,Weekly,67.9667,KG,KES,WFP,,,,Forecast,86.6248,49.3086,"AR(3),I(0),MA(2)"
Kenya,Rift Valley,Turkana,Mogadishu (Kakuma),Maize,Retail,15/04/2026,Weekly,65.7757,KG,KES,WFP,,,,Forecast,84.4338,47.1177,"AR(3),I(0),MA(2)"
Kenya,Rift Valley,Turkana,Mogadishu (Kakuma),Maize,Retail,15/05/2026,Weekly,62.8619,KG,KES,WFP,,,,Forecast,81.5200,44.2039,"AR(3),I(0),MA(2)"
Kenya,Coast,Mombasa,Moroto (Mombasa),Maize,Retail,15/04/2021,Weekly,50.000000,KG,KES,WFP,,,,Aggregated,,,
Kenya,Coast,Mombasa,Moroto (Mombasa),Maize,Retail,15/08/2021,Weekly,51.666600,KG,KES,WFP,,,,Aggregated,,,
Kenya,Coast,Mombasa,Moroto (Mombasa),Maize,Retail,15/09/2021,Weekly,51.666600,KG,KES,WFP,,,,Aggregated,,,
Kenya,Coast,Mombasa,Moroto (Mombasa),Maize,Retail,15/10/2021,Weekly,50.000000,KG,KES,WFP,,,,Aggregated,,,
Kenya,Coast,Mombasa,Moroto (Mombasa),Maize,Retail,15/11/2021,Weekly,52.500000,KG,KES,WFP,,,,Aggregated,,,
Kenya,Nairobi,Nairobi,Mukuru (Nairobi),Maize,Retail,15/01/2021,Weekly,50.000000,KG,KES,WFP,,,,Aggregated,,,
Kenya,Nairobi,Nairobi,Mukuru (Nairobi),Maize,Retail,15/02/2021,Weekly,47.380933,KG,KES,WFP,,,,Aggregated,,,
Kenya,Nairobi,Nairobi,Mukuru (Nairobi),Maize,Retail,15/03/2021,Weekly,47.499977,KG,KES,WFP,,,,Aggregated,,,
Kenya,Nairobi,Nairobi,Mukuru (Nairobi),Maize,Retail,15/04/2021,Weekly,44.090909,KG,KES,WFP,,,,Aggregated,,,
Kenya,Nairobi,Nairobi,Mukuru (Nairobi),Maize,Retail,15/05/2021,Weekly,50.000000,KG,KES,WFP,,,,Aggregated,,,
Kenya,Nairobi,Nairobi,Mukuru (Nairobi),Maize,Retail,15/06/2021,Weekly,50.000000,KG,KES,WFP,,,,Aggregated,,,
Kenya,Nairobi,Nairobi,Mukuru (Nairobi),Maize,Retail,15/07/2021,Weekly,50.000000,KG,KES,WFP,,,,Aggregated,,,
Kenya,Nairobi,Nairobi,Mukuru (Nairobi),Maize,Retail,15/08/2021,Weekly,47.812499,KG,KES,WFP,,,,Aggregated,,,
Kenya,Nairobi,Nairobi,Mukuru (Nairobi),Maize,Retail,15/09/2021,Weekly,50.000000,KG,KES,WFP,,,,Aggregated,,,
Kenya,Nairobi,Nairobi,Mukuru (Nairobi),Maize,Retail,15/10/2021,Weekly,45.000000,KG,KES,WFP,,,,Aggregated,,,
Kenya,Nairobi,Nairobi,Mukuru (Nairobi),Maize,Retail,15/12/2021,Weekly,55.000000,KG,KES,WFP,,,,Aggregated,,,
Kenya,Nairobi,Nairobi,Mukuru (Nairobi),Maize,Retail,15/01/2022,Weekly,60.000000,KG,KES,WFP,,,,Aggregated,,,
Kenya,Nairobi,Nairobi,Nairobi,Maize,Retail,15/08/2020,Monthly,52.000000,KG,KES,World Food Programme (WFP) Monitoring,,,,Aggregated,,,
Kenya,Coast,Mombasa,Shonda (Mombasa),Maize,Retail,15/04/2021,Weekly,50.000000,KG,KES,WFP,,,,Aggregated,,,
Kenya,Coast,Mombasa,Shonda (Mombasa),Maize,Retail,15/08/2021,Weekly,60.000000,KG,KES,WFP,,,,Aggregated,,,
Kenya,Coast,Mombasa,Shonda (Mombasa),Maize,Retail,15/09/2021,Weekly,60.000000,KG,KES,WFP,,,,Aggregated,,,
Kenya,Coast,Mombasa,Shonda (Mombasa),Maize,Retail,15/10/2021,Weekly,51.666600,KG,KES,WFP,,,,Aggregated,,,
Kenya,Coast,Mombasa,Shonda (Mombasa),Maize,Retail,15/11/2021,Weekly,46.666600,KG,KES,WFP,,,,Aggregated,,,
Kenya,North Eastern,Wajir,Wajir town,Maize,Retail,15/02/2021,Weekly,50.000000,KG,KES,WFP,,,,Aggregated,,,
Kenya,North Eastern,Wajir,Wajir town,Maize,Retail,15/03/2021,Weekly,50.000000,KG,KES,WFP,,,,Aggregated,,,
Kenya,North Eastern,Wajir,Wajir town,Maize,Retail,15/04/2021,Weekly,50.000000,KG,KES,WFP,,,,Aggregated,,,
Kenya,North Eastern,Wajir,Wajir town,Maize,Retail,15/06/2021,Weekly,50.000000,KG,KES,WFP,,,,Aggregated,,,
Kenya,North Eastern,Wajir,Wajir town,Maize,Retail,15/08/2021,Weekly,50.000000,KG,KES,WFP,,,,Aggregated,,,
Kenya,North Eastern,Wajir,Wajir town,Maize,Retail,15/09/2021,Weekly,50.000000,KG,KES,WFP,,,,Aggregated,,,
Kenya,North Eastern,Wajir,Wajir town,Maize,Retail,15/02/2022,Weekly,50.000000,KG,KES,WFP,,,,Aggregated,,,
